Workbook

Sheet graph
A1: =SUMMARY!A4 -> Year | B1: =SUMMARY!C4 -> No. of Incidents | C1: =SUMMARY!D4 -> Volume (cu.m.) | D1: Value (Php)
A2: 2014 | B2: =SUMMARY!C82 -> 88 | C2: =SUMMARY!D82 -> 186.87249 | D2: =SUMMARY!F82 -> 2142713.3
A3: 2015 | B3: =SUMMARY!C76 -> 0 | C3: =SUMMARY!D76 -> 0 | D3: =SUMMARY!F76 -> 0
A4: 2016 | B4: =SUMMARY!C70 -> 0 | C4: =SUMMARY!D70 -> 0 | D4: =SUMMARY!F70 -> 0
A5: 2017 | B5: =SUMMARY!C64 -> 0 | C5: =SUMMARY!D64 -> 0 | D5: =SUMMARY!F64 -> 0
A6: 2018 | B6: =SUMMARY!C58 -> 0 | C6: =SUMMARY!D58 -> 0 | D6: =SUMMARY!F58 -> 0
A7: 2019 | B7: =SUMMARY!C52 -> 0 | C7: =SUMMARY!D52 -> 0 | D7: =SUMMARY!F52 -> 0
A8: 2020 | B8: =SUMMARY!C46 -> 0 | C8: =SUMMARY!D46 -> 0 | D8: =SUMMARY!F46 -> 0
A9: 2021 | B9: =SUMMARY!C40 -> 0 | C9: =SUMMARY!D40 -> 0 | D9: =SUMMARY!F40 -> 0
A10: 2022 | B10: =SUMMARY!C34 -> 96 | C10: =SUMMARY!D34 -> 93.781698 | D10: =SUMMARY!F34 -> 1621287.7
A11: 2023 | B11: =SUMMARY!C28 -> 111 | C11: =SUMMARY!D28 -> 88.1727 | D11: =SUMMARY!F28 -> 2125759
A12: 2024 | B12: =SUMMARY!C22 -> 116 | C12: =SUMMARY!D22 -> 65.944958 | D12: =SUMMARY!F22 -> 2119779.5
A13: 2025 | B13: =SUMMARY!C16 -> 83 | C13: =SUMMARY!D16 -> 193.047 | D13: =SUMMARY!F16 -> 2847280.8
A14: 2026 | B14: =SUMMARY!C10 -> 112 | C14: =SUMMARY!D10 -> 710.4452 | D14: =SUMMARY!F10 -> 1880415.9

Sheet SUMMARY
A1: SUMMARY OF APPREHENDED, SEIZED AND CONFISCATED FOREST PRODUCTS
A2: PROVINCE OF CAGAYAN — BY YEAR AND CENRO
A4: Year | B4: CENRO | C4: No. of Incidents | D4: Volume (cu.m.) | E4: Volume (bd.ft.) | F4: Estimated Value (PHP) | G4: NO. OF CONVEYANCE | H4: ESTIMATED VALUE | I4: NO. OF EQUIPMENTS | J4: ESTIMATED VALUE
A5: 2026 | B5: Cenro Aparri | C5: =COUNTA('2026'!B10:B53) -> 43 | D5: ='2026'!G54 -> 104.42 | E5: =SUM('2026'!H10:H53) -> 12721.54 | F5: ='2026'!I54 -> 1052210.6
B6: Cenro Alcala | C6: =COUNTA('2026'!B56:B84) -> 29 | D6: ='2026'!G85 -> 589.61 | E6: =SUM('2026'!H56:H84) -> 5421.896 | F6: ='2026'!I85 -> 394948.6
B7: Cenro Solana | C7: =COUNTA('2026'!B87:B105) -> 19 | D7: =SUM('2026'!G87:G105) -> 11.49 | E7: =SUM('2026'!H87:H105) -> 6738.18 | F7: ='2026'!I106 -> 320432.95
B8: Cenro Sanchez Mira | C8: =COUNTA('2026'!B108:B121) -> 14 | D8: =SUM('2026'!G108:G121) -> 2.937 | E8: ='2026'!H122 -> 1247.1 | F8: ='2026'!I122 -> 100823.72
B9: Cenro Sub Office | C9: =COUNTA('2026'!B124:B130) -> 7 | D9: =SUM('2026'!G124:G130) -> 1.9882 | E9: ='2026'!H131 -> 1704.07 | F9: ='2026'!I131 -> 12000
A10: =concat(A5," TOTAL") -> 2026 TOTAL | C10: =sum(C5:C9) -> 112 | D10: =sum(D5:D9) -> 710.4452 | E10: =sum(E5:E9) -> 27832.786 | F10: =sum(F5:F9) -> 1880415.9
A11: 2025 | B11: Cenro Aparri | C11: =COUNTA('2025'!A6:A58) -> 53 | D11: ='2025'!G59 -> 121.297 | E11: ='2025'!H59 -> 51828.843 | F11: ='2025'!I59 -> 2756760.8
B12: Cenro Alcala | C12: =COUNTA('2025'!A61:A68) -> 8 | D12: - | E12: ='2025'!H69 -> 1236.3 | F12: ='2025'!I69 -> 90520
B13: Cenro Solana | C13: ='2025'!A91 -> 13 | D13: ='2025'!G91 -> 8.75 | E13: ='2025'!H91 -> 10977.62 | F13: -
B14: Cenro Sanchez Mira | C14: ='2025'!A76 -> 5 | D14: - | E14: ='2025'!H76 -> 2740.99 | F14: -
B15: Cenro Sub Office | C15: ='2025'!A97 -> 4 | D15: ='2025'!G97 -> 63 | E15: ='2025'!H97 -> 60 | F15: -
A16: =concat(A11," TOTAL") -> 2025 TOTAL | C16: =SUM(C11:C15) -> 83 | D16: =SUM(D11:D15) -> 193.047 | E16: =SUM(E11:E15) -> 66843.753 | F16: =SUM(F11:F15) -> 2847280.8
A17: 2024 | B17: Cenro Aparri | C17: ='2024'!A36 -> 29 | D17: ='2024'!G36 -> 20.061297 | E17: ='2024'!H36 -> 8765.83 | F17: ='2024'!I36 -> 521740.95
B18: Cenro Alcala | C18: ='2024'!A81 -> 43 | D18: ='2024'!G81 -> 15.528 | E18: ='2024'!H81 -> 8775 | F18: ='2024'!I81 -> 459125
B19: Cenro Solana | C19: ='2024'!A110 -> 27 | D19: ='2024'!G110 -> 24.51 | E19: ='2024'!H110 -> 11082.91 | F19: ='2024'!I110 -> 616751
B20: Cenro Sanchez Mira | C20: ='2024'!A124 -> 12 | D20: ='2024'!G124 -> 4.6356604 | E20: ='2024'!H124 -> 3913.47 | F20: ='2024'!I124 -> 483402.5
B21: Cenro Sub Office | C21: ='2024'!A131 -> 5 | D21: ='2024'!G131 -> 1.21 | E21: ='2024'!H131 -> 1302.03 | F21: ='2024'!I131 -> 38760
A22: =concat(A17," TOTAL") -> 2024 TOTAL | C22: =SUM(C17:C21) -> 116 | D22: =SUM(D17:D21) -> 65.944958 | E22: =SUM(E17:E21) -> 33839.24 | F22: =SUM(F17:F21) -> 2119779.5
A23: 2023 | B23: Cenro Aparri | C23: ='2023'!A42 -> 36 | D23: ='2023'!G42 -> 31.973 | E23: ='2023'!H42 -> 14086.73 | F23: ='2023'!I42 -> 765301.4
B24: Cenro Alcala | C24: ='2023'!A78 -> 34 | D24: ='2023'!G78 -> 15.705 | E24: ='2023'!H78 -> 9795.55 | F24: ='2023'!I78 -> 381980
B25: Cenro Solana | C25: ='2023'!A103 -> 22 | D25: ='2023'!G103 -> 19.846 | E25: ='2023'!H103 -> 9725.02 | F25: ='2023'!I103 -> 469687.5
B26: Cenro Sanchez Mira | C26: ='2023'!A131 -> 19 | D26: ='2023'!G131 -> 20.6487 | E26: ='2023'!H131 -> 8755.89 | F26: ='2023'!I131 -> 508790.05
B27: Cenro Sub Office | C27: - | D27: - | E27: - | F27: -
A28: =concat(A23," TOTAL") -> 2023 TOTAL | C28: =SUM(C23:C27) -> 111 | D28: =SUM(D23:D27) -> 88.1727 | E28: =SUM(E23:E27) -> 42363.19 | F28: =SUM(F23:F27) -> 2125759
A29: 2022 | B29: Cenro Aparri | C29: ='2022'!A47 -> 35 | D29: ='2022'!F47 -> 21.087689 | E29: - | F29: ='2022'!H47 -> 395666.41
B30: Cenro Alcala | C30: ='2022'!A70 -> 21 | D30: ='2022'!F70 -> 29.42166 | E30: - | F30: ='2022'!H70 -> 516242
B31: Cenro Solana | C31: ='2022'!A90 -> 17 | D31: ='2022'!F90 -> 13.661708 | E31: - | F31: ='2022'!H90 -> 241684.3
B32: Cenro Sanchez Mira | C32: ='2022'!A115 -> 23 | D32: ='2022'!F115 -> 29.610642 | E32: - | F32: ='2022'!H115 -> 467694.97
B33: Cenro Sub Office
A34: =concat(A29," TOTAL") -> 2022 TOTAL | C34: =SUM(C29:C33) -> 96 | D34: =SUM(D29:D33) -> 93.781698 | E34: =SUM(E29:E33) -> 0 | F34: =SUM(F29:F33) -> 1621287.7
A35: 2021 | B35: Cenro Aparri
B36: Cenro Alcala
B37: Cenro Solana
B38: Cenro Sanchez Mira
B39: Cenro Sub Office
A40: =concat(A35," TOTAL") -> 2021 TOTAL | C40: =SUM(C35:C39) -> 0 | D40: =SUM(D35:D39) -> 0 | E40: =SUM(E35:E39) -> 0 | F40: =SUM(F35:F39) -> 0
A41: 2020 | B41: Cenro Aparri
B42: Cenro Alcala
B43: Cenro Solana
B44: Cenro Sanchez Mira
B45: Cenro Sub Office
A46: =concat(A41," TOTAL") -> 2020 TOTAL | C46: =SUM(C41:C45) -> 0 | D46: =SUM(D41:D45) -> 0 | E46: =SUM(E41:E45) -> 0 | F46: =SUM(F41:F45) -> 0
A47: 2019 | B47: Cenro Aparri
B48: Cenro Alcala
B49: Cenro Solana
B50: Cenro Sanchez Mira
B51: Cenro Sub Office
A52: =concat(A47," TOTAL") -> 2019 TOTAL | C52: =SUM(C47:C51) -> 0 | D52: =SUM(D47:D51) -> 0 | E52: =SUM(E47:E51) -> 0 | F52: =SUM(F47:F51) -> 0
A53: 2018 | B53: Cenro Aparri
B54: Cenro Alcala
B55: Cenro Solana
B56: Cenro Sanchez Mira
B57: Cenro Sub Office
A58: =concat(A53," TOTAL") -> 2018 TOTAL | C58: =SUM(C53:C57) -> 0 | D58: =SUM(D53:D57) -> 0 | E58: =SUM(E53:E57) -> 0 | F58: =SUM(F53:F57) -> 0
A59: 2017 | B59: Cenro Aparri
B60: Cenro Alcala
B61: Cenro Solana
B62: Cenro Sanchez Mira
B63: Cenro Sub Office
A64: =concat(A59," TOTAL") -> 2017 TOTAL | C64: =SUM(C59:C63) -> 0 | D64: =SUM(D59:D63) -> 0 | E64: =SUM(E59:E63) -> 0 | F64: =SUM(F59:F63) -> 0
A65: 2016 | B65: Cenro Aparri
B66: Cenro Alcala
B67: Cenro Solana
B68: Cenro Sanchez Mira
B69: Cenro Sub Office
A70: =concat(A65," TOTAL") -> 2016 TOTAL | C70: =SUM(C65:C69) -> 0 | D70: =SUM(D65:D69) -> 0 | E70: =SUM(E65:E69) -> 0 | F70: =SUM(F65:F69) -> 0
A71: 2015 | B71: Cenro Aparri
B72: Cenro Alcala
B73: Cenro Solana
B74: Cenro Sanchez Mira
B75: Cenro Sub Office
A76: =concat(A71," TOTAL") -> 2015 TOTAL | C76: =SUM(C71:C75) -> 0 | D76: =SUM(D71:D75) -> 0 | E76: =SUM(E71:E75) -> 0 | F76: =SUM(F71:F75) -> 0
A77: 2014 | B77: Cenro Aparri | C77: ='2014'!A79 -> 48 | D77: ='2014'!E79 -> 73.705268 | E77: - | F77: ='2014'!F79 -> 772198.79
B78: Cenro Alcala | C78: ='2014'!A91 -> 10 | D78: ='2014'!E91 -> 81.606094 | E78: - | F78: ='2014'!F91 -> 884123.02
B79: Cenro Solana | C79: ='2014'!A104 -> 4 | D79: ='2014'!E104 -> 7.0341038 | E79: - | F79: ='2014'!F104 -> 136908.3
B80: Cenro Sanchez Mira | C80: ='2014'!A98 -> 5 | D80: ='2014'!E98 -> 10.79 | E80: - | F80: ='2014'!F98 -> 90695.11
B81: Cenro Tuguegarao | C81: ='2014'!A29 -> 21 | D81: ='2014'!E29 -> 13.737028 | E81: - | F81: ='2014'!F29 -> 258788.1
A82: =concat(A77," TOTAL") -> 2014 TOTAL | C82: =SUM(C77:C81) -> 88 | D82: =SUM(D77:D81) -> 186.87249 | E82: - | F82: =SUM(F77:F81) -> 2142713.3

Sheet 2014
B1: CONSOLIDATED APPREHENDED, SEIZED AND CONFISCATED FOREST PRODUCTS
B2: PROVINCE OF CAGAYAN
B3: Calendar Year 2014
B5: Date & Place of apprehension/ seizure & confiscation | C5: Circumstances of apprehension/ seizure & confiscation (e.g. no permit, or accompanying documents, etc.) | D5: Description of Forest Products | G5: Place Stockpiled and Custodian with complete address | H5: Other agencies involved in the apprehension/ seizure & confiscation (Names of personnel, LGUs, etc.) | I5: Other remarks (condition, status of criminal complaint if any, etc.)
D6: Quantity (# of pcs.) and form (lumber, logs, flitches, split/unsplit rattan, etc.) | E6: VOLUME (CU.M.) | F6: Estimated Market Value (PhP)
A7: No. | B7: CENRO TUGUEGARAO
A8: 1 | B8: January 17, 2014/ Danna, Manga, Peñablanca, Cag. | C8: No claimant | D8: 3 pcs. Narra flitches | E8: =146/424 -> 0.34433962 | F8: 11680 | G8: CENRO compound | I8: Confiscated in favor of the government dated April 3, 2014
A9: 2 | B9: January 25, 2014/ Lalongan, Sisim, Peñablanca, Cagayan | C9: No claimant | D9: 203 CHW lumber | E9: =1334.66/424 -> 3.147783 | F9: 46713.1 | G9: CENRO compound | I9: Confiscated in favor of the gov't. per order of the RED dated March 17, 2014. A total of 650.66 bd.ft./1.53 cu.m. was donated to the Provincial Capitol.
A10: 3 | B10: February 5, 2014/ Pinacanauan River, Camasi, Peñablanca, Cag. | C10: No claimant | D10: 60 pcs. CHW lumber | E10: =1112/424 -> 2.6226415 | F10: 38920 | G10: Camasi Brgy. Hall, Peñablanca, Cag./ Chairwoman Zenaida Leones | H10: BLGU Camasi, Peñablanca, Cag. Headed by Chairwoman Zenaida Leones | I10: Confiscated in favor of the government dated June 10, 2014
A11: 4 | B11: February 13, 2014/ Don Domingo, Balzain, Tuguegarao City | C11: No claimant | D11: 80 Sacks of charcoal | F11: 16000 | G11: CENRO compound | I11: Confiscated in favor of the government dated May 7, 2014. The 20 sacks of charcoal was donated at the Feeding Center of San Esteban, Iguig, Cag.
A12: 5 | B12: February 19, 2014/ Pinacanauan River, Barangay Lapi, Peñablanca, Cag. | C12: No claimant | D12: 14 pcs. Narra lumber | E12: =172.16/424 -> 0.40603774 | F12: 10329.6 | G12: CENRO compound | I12: Confiscated in favor of the government dated April 30, 2014
A13: 6 | B13: February 23, 2014/ San Roque, Peñablanca, Cag. | C13: No claimant | D13: 4 pcs. CHW lumber | E13: =128/424 -> 0.30188679 | F13: 3840 | G13: Brgy. Hall San Roque, Peñablanca, Cag./ Brgy. Captain Benjamin Tumbali | H13: Barangay Officials of San Roque, Peñablanca, Cag. Headed by Brgy Captain Benjamin Tumbali | I13: Confiscated in favor of the government dated May 23, 2014
A14: 7 | B14: March 7, 2014/ Libag, Tuguegarao City | C14: No permit/ transport documents (ZGJ-637) | D14: 95 pcs. CHW lumber | E14: =665/424 -> 1.5683962 | F14: 23275 | G14: CENRO compound | I14: Both conveyance and the forest products was ordered confiscated in favor of the government dated August 12, 2015
A15: 8 | B15: March 11, 2014/ Capatan, Tuguegarao City | C15: No claimant | D15: 8 Sacks of charcoal | F15: 1600 | G15: CENRO compound | I15: Confiscated in favor of the government dated May 20, 2014
A16: 9 | B16: March 12, 2014/ NAPOCOR Peñablanca, Cag. | C16: No claimant | D16: 15 Sacks of charcoal | F16: 3000 | G16: CENRO compound | I16: Confiscated in favor of the government dated May 20, 2014
A17: 10 | B17: March 13, 2014/ Dodan, Peñablanca, Cag. | C17: No claimant | D17: 5 Sacks of charcoal | F17: 1000 | G17: CENRO compound | I17: Confiscated in favor of the government dated May 20, 2014
A18: 11 | B18: April 17, 2014/ Nanarian, Peñablanca, Cag. | C18: No claimant | D18: 12 CHW lumber | E18: 0.33 | F18: 4900 | G18: CENRO compound | I18: Confiscated in favor of the government dated June 3, 2014
A19: 12 | B19: April 26, 2014/ Sisim Peñablanca, Cag. | C19: No claimant | D19: 1 pc. Tindalo Lbr. | E19: 0.16 | F19: 5600 | G19: CENRO compound | I19: Confiscated in favor of the gov't. dated June 3, 2014
A20: 13 | D20: 3 pcs. Narra lbr. | E20: 0.32 | F20: 10666 | G20: CENRO compound
A21: 14 | B21: July 20, 2014/ Dodan, Peñablanca, Cagayan | C21: No claimant | D21: 7 pcs. Tuai lumber | E21: =110.66/424 -> 0.26099057 | F21: 3813.1 | G21: CENRO compound | I21: Under administrative adjudication proceedings. With Order of Finality received on Dec. 09, 2024 promulgated on Oct. 16, 2014 with Docket No. R2-F-1036
A22: 15 | B22: August 3, 2014/ Quibal, Peñablanca, Cag. | C22: No claimant | D22: 30 pcs. CHW lumber | E22: =316/424 -> 0.74528302 | F22: 11060 | G22: CENRO compound | I22: Confiscated in favor of the government per order dated Dec. 10, 2014
A23: 16 | B23: Bical, Peñablanca, Cag. | C23: No claimant | D23: 20 sacks of charcoal | F23: =200*20 -> 4000 | G23: CENRO compound | H23: Barangay Officials of Bical, Peñablanca, Cag. | I23: Under administrative adjudication proceedings
A24: 17 | B24: August 5, 2014/ Baliuag, Peñablanca, Cag. | C24: No claimant | D24: 50 Sacks of charcoal | F24: 10000 | G24: CENRO compound | H24: Barangay Officials of Baliuag, Penablanca, Cag. | I24: Confiscated in favor of the government per order dated Sept. 30, 2014
A25: 18 | B25: August 16, 2014/ Quibal, Peñablanca, Cag. | C25: No claimant | D25: 33 CHW lumber | E25: =260/424 -> 0.61320755 | F25: 9100 | G25: CENRO compound | I25: Confiscated in favor of the government per order dated Sept. 30, 2014
A26: 19 | B26: September 11, 2014/ Dodan, Peñablanca, Cag. | C26: No claimant | D26: 32 CHW lumber | E26: =601/424 -> 1.4174528 | F26: 21046 | G26: CENRO compound | I26: Confiscated in favor of the government per order dated Dec. 10, 2014. Order final and executory dated March 28, 2021
A27: 20 | B27: September 25, 2014/ San Roque, Peñablanca, Cag. | C27: No claimant | D27: 46 pcs. CHW lumber | E27: =436/424 -> 1.0283019 | F27: 15260 | G27: CENRO compound | H27: Police Provincial Office | I27: Confiscated in favor of the government per order dated Jan. 10, 2015
A28: 21 | B28: September 29, 2014/ Capatan, Tuguegarao City | C28: No claimant | D28: 8 pcs. Gmelina and 4 pcs. Tuai flitches | E28: =199.58/424 -> 0.47070755 | F28: 6985.3 | G28: CENRO compound | I28: Under administrative adjudication proceedings
A29: =COUNTA(A8:A28) -> 21 | B29: SUB-TOTAL | E29: =SUM(E8:E28) -> 13.737028 | F29: =SUM(F8:F28) -> 258788.1
B30: CENRO APARRI
A31: 1 | B31: January 6, 2014/ Siwangag Cove, Palaui, San Vicente, Sta. Ana, Cag. | C31: No claimant (chainsaw/ handrill) | D31: 1 pc. Molave lumber & post | E31: 0.18 | F31: 4800 | G31: Naval Based/ Camilo Osias/ ENS Julius DN Villacarlos, PN | H31: Philippine Navy | I31: Under administrative adjudication proceedings
A32: 2 | B32: January 5, 2014/ Casambalangan, Sta. Ana, cag. | C32: CTU-567 | D32: 431 pcs. Old lumbers/ posts | E32: 7.38 | F32: 62582.4 | G32: CENRO compound | H32: PNP Regional Mobile Group | I32: The conveyance was released temporarily by posting a Cash Bond amounting to amounting to 60,000.00. Confiscated in favor of the government per undated order of the RED
A33: 3 | B33: February 13, 2014/ Macanaya, Aparri, Cag. | C33: BVT-300 | D33: 19 pcs. sacks charcoal | F33: 3230 | G33: CENRO compound | I33: The 19 sacks of charcoal was ordered confiscated in favor of the government while the conveyance was ordered to return in favor of the owner per order dated March 10, 2017.
A34: 4 | B34: February 14, 2014/ Agusi, Camalaniugan, Cag. | C34: (Kuliglig) | D34: 22 sacks of charcoal | F34: =170*22 -> 3740 | G34: CENRO compound | I34: Both conveyance anf forest products ordered confiscated in favor of the government dated June 6, 2014. With Order of Finality received on August 27, 2024
A35: 5 | B35: February 14, 2014/ Agusi, Camalaniugan, Cag. | C35: (Kuliglig) | D35: 37 sacks of charcoal | F35: =170*37 -> 6290 | G35: CENRO compound | I35: Both conveyance anf forest products ordered confiscated in favor of the government dated June 6, 2014
A36: 6 | B36: February 14, 2014/ Tallungan, Aparri, cag. | C36: (KB-509F428968) | D36: 16 sacks charcoal | F36: =170*16 -> 2720 | G36: CENRO compound | I36: The vehicle was ordered released in favor of the owner while the forest products confiscated in favor of the government per order dated June 26, 2014
A37: 7 | B37: February 19, 2014/ Sta. Clara, Sta. Ana, Cag. | C37: No claimant | D37: 442 pcs. CHW lumbers | E37: 4.77 | F37: 50575 | G37: CENRO compound | H37: PNP, LGU, CEZA, Pahilippine Navy | I37: Donated to Provincial Gov't. of Cagayan for the repair/ renovation of their office buildings
A38: 8 | B38: February 27, 2014/ Dumasag, Casambalangan, Sta. Ana, Cag. | C38: No claimant | D38: 7 pcs. CHW flitches | E38: 1.49 | F38: 12680 | G38: LGU Sta. Ana, Cag./ MENRO Florencio Obiano | H38: CEZA | I38: Confiscated in favor of the government dated May 23, 2014
A39: 9 | B39: March 8, 2014/ Sta. Clara, Gonzaga, cag. | C39: No permit/ transport documents (QH-1439) | D39: 37 pcs. CHW lumber | E39: 0.35 | F39: 3612.47 | G39: CENRO compound | H39: 77th IB Philippine Army headed by SSGT Rodolfo Cusapao | I39: For resolution
A40: 10 | B40: March 8, 2014/ Sta. Clara, Gonzaga, cag. | C40: No permit/ transport documents (TMX-155 No. Plate No.) | D40: 29 pcs. CHW lumber | E40: 0.31 | F40: 3134.2 | G40: CENRO compound | H40: 78th IB Philippine Army headed by SSGT Rodolfo Cusapao | I40: For resolution
A41: 11 | B41: March 9, 2014/ Aridowen, Sta. Teresita, Cag. | C41: No claimant | D41: 19 pcs. CHW lumber/logs | E41: 1.17 | F41: =10556+2418 -> 12974 | G41: CENRO compound | I41: Confiscated in favor of the government per order dated May 23, 2014
A42: 12 | B42: March 12, 2014/ So. Mammit, Lal-lo, Cagayan | C42: No claimant | D42: 10 pcs. CHW flitches | E42: 1.19 | F42: 10080 | G42: CENRO compound | H42: PNP 1st Maneuver Platoon | I42: Confiscated in favor of the government per order dated August 20, 2014. Donated to DENR Mechanized Nursery at Lannig, Solana, Cag. Ordered final and executory dated April 23, 2021
A43: 13 | B43: March 12, 2014/ Malannao, Lal-lo, Cag. | C43: No claimant | D43: 5 pcs. Narra flitches | E43: 0.69 | F43: 14650 | G43: CENRO compound | H43: PNP Lal-lo | I43: Confiscated in favor of the government per Order of the RD dated June 11, 2015. With Order of Finality received on Dec. 03, 2024 promulgated on June 11, 2015 with Docket No. R2-F-1095
A44: 14 | B44: March 16, 2014/ Pattao, Buguey, Cagayan | C44: No permit/ transport documents (THK-377) | D44: 304 pcs. CHW lumber | E44: 2.9 | F44: 29517.6 | G44: CENRO compound | H44: PNP, Maritime Group, Barangay Officials | I44: Confiscated in favor of the government per order of the RED dated May 23, 2014. Donated to DENR Mechanized Nursery at Lannig, Solana, Cag.
A45: 15 | B45: March 20, 2014/ San Vicente, Sta. Ana, Cag. | C45: No permit/transport documents (motorized banca) | D45: 33 pcs. CHW lbr. | E45: 1.17 | F45: 12500 | G45: Naval Based/ Camilo Osias | H45: Maritime Group | I45: For resolution
A46: 16 | B46: March 20, 2014/ San Vicente, Sta. Ana, Cag. | C46: No permit/transport documents (motorized banca) | D46: 46 pcs. CHW lumber | E46: 1.52 | F46: 16150 | G46: Naval Based/ Camilo Osias | H46: Maritime Group | I46: Foresolution
A47: 17 | B47: March 22, 2014/ Sittio Paguiao, Baraccaoit, Gattaran, Cagayan | C47: Wolden Tolentino, Rey Mark Farinas, Van Bryan Ong Joefel Palino | D47: 66 pcs. CHW and Flitches | E47: 2.32 | F47: 25643.8 | G47: PNP Station compund, Gattaran, Cagayan under PO3 Desmond Garcia | H47: PNP Gattaran, Cag. | I47: Under administrative adjudication proceedings
A48: 18 | B48: March 27, 2014/ Katiwayan, Rapuli, Sta. Ana, Cag. | C48: No claimant | D48: 95 pcs. CHW lumber | E48: 2.69 | F48: 29666 | G48: MLGU compound, Sta. Ana, Cag./ Florencio Obiano and Danilo Rugrug | H48: PNREO | I48: Under administrative adjudication proceedings
A49: 19 | B49: March 30, 2014/ Tapel, Gonzaga, Cag. | C49: No permit/ transport documents (BL-3329) | D49: 30 pcs. CHW lumber | E49: 0.28 | F49: 3120 | G49: CENRO compound | H49: Philippine National Police based at Gonzaga, Cag. | I49: Both conveyance and the forest products ordered confiscated in favor of the government dated Dec. 10, 2014. With Order of Finality received on Sept. 11, 2024
A50: 20 | B50: April 3, 2014/ Inter-Agency, Casambalangan, Sta. Ana, Cag. | C50: No permit/ transport documents (Van-024405) | D50: 76 pcs. Narra lumber | E50: 0.87 | F50: 26103 | G50: CENRO compound | H50: CEZA Personnel headed by Mr. Jose Ramboanga | I50: Both conveyance and the forest products ordered confiscated in favor of the government dated March 31, 2015. With Order of Finality received on Aug. 27, 2024
A51: 21 | B51: April 11, 2014/ San Vicente, Sta. Ana, Cagayan | C51: No permit/ transport documents (Motorized banca, chainsaw ) | D51: 13 pcs. Narra Lumber | E51: 0.3 | F51: 6483 | G51: Philippine Navy compound/ Renato Ringor, PN, NBCO, San Vicente, Sta.Ana, Cagayan | H51: Philippine Navy commander Renato Ringor,PN,NBCO, San Vicente, Sta.Ana, Cagayan | I51: For resolution
A52: 22 | B52: April 13, 2014/ Abagao, Camalanuigan, Cagayan | C52: No permit/ transport documents KZ-6872) | D52: 22 sacks of charcoal | F52: 2640 | G52: CENRO compound | I52: For resolution
A53: 23 | B53: April 16, 2014/ Palaui, San Vicente, Sta. Ana, Cagayan | C53: No claimant | D53: 16 pcs. CHW Lumber | E53: 0.66 | F53: 7100 | G53: Sta. Ana Municipal Hall under MENRO Florence D. Obiano | H53: Philippine Maritime Group, Philippine Coast Guard and CEZA | I53: Under administrative adjudication proceedings
A54: 24 | B54: April 17, 2014/ Dugo, Camalanuigan, Cagayan | C54: No permit/ transport documents (CKH-985) | D54: 50 sacks of charcoal | F54: 5000 | G54: CENRO compound | I54: Both conveyance and forest products ordered confiscated in favor of the government dated June 10, 2014. With Order of Finality receieved on Sept. 16, 2024
A55: 25 | B55: May 3, 2014/ Centro, Camalanuigan, Cagayan | C55: No permit/ transport documents (WDZ-277) | D55: 70 pcs. CHW lumber | E55: 1.11 | F55: 12086.5 | G55: CENRO Compound | I55: Both conveyance and forest products ordered confiscated in favor of the government dated Dec. 10, 2014. With Order of Finality received on Sept. 06, 2024
A56: 26 | B56: June 2, 2014/ Macanaya, Aparri, Cag. | C56: No permit/ transport documents (WFA-787) | D56: 99 pcs. CHW lumber | E56: 5.13 | F56: 52202 | G56: CENRO compound | H56: PNP Maritime Special Reaction Team | I56: 1. 62 cu.m. donated to DENR Mechanized Nursery at Lannig, Solana, Cag.
A57: 27 | B57: June 18, 2014/ Limbus, Rapuli, Sta. Ana, Cag. | C57: No claimant | D57: 20 pcs. Red Lauan lumber | E57: 0.73 | F57: 6841.78 | G57: CENRO compound | H57: CEZA | I57: Donated to Parish Priest of Sta. Ana, Cag.
A58: 28 | B58: June 20, 2014/ San Vicente, Sta. Ana, Cag. | C58: No permit/ transport documents (Motorized Banca) | D58: 14 pcs. Palosapis and 1 Antipolo Lumber | E58: 0.38 | F58: 3661 | G58: Philippine Navy compound/ Commander Renato Ringor, PN | H58: Philippine Navy headed by Commander Renato Ringor,PN,NBCO, San Vicente, Sta.Ana, Cagayan | I58: For resolution
A59: 29 | B59: June 23, 2014/ San Vicente, Sta. Ana, Cagayan | C59: No permit/ transport documents (Motorized Banca) | D59: 173 pcs. Red Lauan Lumber | E59: 1.97 | F59: 18436 | G59: Philippine Navy compound/ Commander Renato Ringor, PN | H59: Philippine Navy headed by Commander Renato Ringor,PN,NBCO, San Vicente, Sta.Ana, Cagayan | I59: For resolution
A60: 30 | B60: June 26, 2014/ San Vicente, Sta. Ana, Cagayan | C60: No permit/ transport documents (Motorized Banca) | D60: 14 pcs. Red Lauan lumber | E60: 0.42 | F60: 4368 | G60: Philippine Navy compound/ Commander Renato Ringor, PN | H60: Philippine Navy headed by Commander Renato Ringor,PN,NBCO, San Vicente, Sta.Ana, Cagayan | I60: For resolution
A61: 31 | B61: July 1, 2014/ San Vicente, Sta. Ana, Cagayan | C61: No permit/ transport documents (Motorized Banca) | D61: 9 pcs. Narra lumber | E61: 0.219 | F61: 6964 | G61: Philippine Navy compound/ Commander Renato Ringor, PN | H61: Philippine Navy headed by Commander Renato Ringor,PN,NBCO, San Vicente, Sta.Ana, Cagayan | I61: For resoltion
A62: 32 | B62: July 15, 2014/ Aridaoen, Sta. Teresita, Cag. | C62: No claimant | D62: 5 pcs. Tanguile and White Lauan | E62: 1.38 | F62: 13213.12 | G62: CENRO compound | H62: Philippine Army | I62: Donated to DENR Mechanized Forest Nursery
A63: 33 | B63: July 21, 2014/ Centro 9, Aparri, Cag. | C63: No claimant | D63: 15 pcs. Red Lauan lumber | E63: 0.66 | F63: 6768 | G63: Regional Maritime Unit 2 compound, Minanga, Aparri, Cag. | H63: Regional Maritime Unit 2, Minanga, Aparri, Cag. | I63: Under administrative adjudication proceedings
A64: 34 | B64: July 26, 2014/ San Vicente, Sta. Ana, Cagayan | C64: No permit/ transport documents (Motorized Banca) | D64: 3 pcs. Narra lumber | E64: 0.45 | F64: 11629 | G64: Philippine Navy at NBCO, San Vicente Strait, Sta. Ana, Cag. | H64: Elements of Philippine Navy, NBCO, San Vicente Strait, Sta. Ana, Cag. | I64: For resolution
A65: 35 | B65: August 3, 2014/ Sta. Clara, Sta. Ana, Cag. | C65: No claimant | D65: 149 pcs. Red Lauan lumber | E65: =2129.33/424 -> 5.0220047 | F65: 53233.33 | G65: PNP compound/ PSI Jose Cabaddu | H65: PNP Sta. Ana, Cag. | I65: Under administrative adjudication proceedings
A66: 36 | B66: August 7, 2014/ Aguab, Palaui, San Vicente, Sta. Ana, Cag. | C66: No claimant | D66: 147 pcs. Narra | E66: =1210.93/424 -> 2.855967 | F66: 54491.85 | G66: Regional Office 02, Carig, Tuguegarao City | H66: PAMB Members (Task Force Sagip Kalikasan, PNP, LGU, Philippine Navy and CEZA) | I66: Confiscated in favor of the government per order dated Dec. 10, 2014
A67: 37 | D67: 100 pcs. Tanguile and White Lauan | E67: =1279.54/424 -> 3.017783 | F67: 31988.5
A68: 38 | D68: 2 pcs. Palosapis | E68: =20/424 -> 0.047169811 | F68: 500
A69: 39 | D69: 18 pcs. Kamagong | E69: =170/424 -> 0.4009434 | F69: 4250
A70: 40 | B70: August 7, 2014 at San Vicente, Sta. Ana, Cagayan | C70: No permit/ transport documents (Motorized Banca) | D70: 10 pcs. Red Lauan lumber | E70: 0.14 | F70: 1440 | G70: Naval Based/ Camilo Osias | H70: Philippine Navy based at Sta. Ana, Cag. | I70: For resolution
A71: 41 | B71: August 12, 2014/ Rapuli, Sta. Ana, Cag. | C71: No claimant | D71: 54 pcs. Red Lauan lumber | E71: 2.72 | F71: 27759.84 | G71: PNP compound/ PSI Jose Cabaddu | H71: PNP Sta. Ana, Cag. | I71: Under administrative adjudication proceedings
A72: 42 | B72: August 22, 2014 | C72: / Burubur, Lal-lo, Cagayan | D72: 77th IB, PA based at Piggatan, Alcala, Cagayan | E72: 3 pcs. Dau | F72: 9960 | G72: BEV-942 | H72: 77th IB, PA compound at Piggatan, Alcala, Cagayan | I72: Under administrative adjudication proceedings
A73: 43 | B73: September 20, 2014/ Nassiping, Gattaran, Cag. | C73: No permit/ transport documents (WRW-167) | D73: 6 pcs. Narra flitches | E73: 0.47 | F73: 12036 | G73: Gattaran PNP Station. | H73: PNP Gattaran, Cag. | I73: For resolution
A74: 44 | B74: October 17, 2014/ Rapuli, Sta. Ana, Cag. | C74: No claimant | D74: 13 pcs. White Lauan | E74: 3.31 | F74: 28113 | G74: Sta. Ana Municipal Hall under MENRO Florence D. Obiano | H74: MENRO Sta. Ana, Cag. | I74: Under administrative adjudication proceedings
A75: 45 | B75: October 21, 2014/ Samuk-samuk, Centro, Sta. Ana, Cag. | C75: No claimant | D75: 40 pcs. white Lauan lumber | E75: 1.13 | F75: 12000 | G75: Sta. Ana Municipal Hall under MENRO Florence D. Obiano | H75: MENRO Sta. Ana, Cag. | I75: Under administrative adjudication proceedings
A76: 46 | B76: October 24, 2014/ Nangalisan, Sta. Clara, Gonzaga, Cag. | C76: No claimant | D76: 46 pcs. Mangachapui, Guijo & Whilte Lauan lbr. | E76: 1.42 | F76: 15150 | G76: DENR Bunkhouse, Palawig, Sta. Ana, Cag. | H76: Brgy. Officials & Brgy. Tanod, LGU MENRO | I76: Under administrative adjudication proceedings
A77: 47 | B77: October 29, 2014/ Flourishing, Gonzaga, Cagayan | C77: No permit/ transport documents (Starex Van 020401) | D77: 31 pcs. Narra lumber | E77: 0.8024 | F77: 23815.4 | G77: Brgy. Flourishing, Gonzaga, Cag. | H77: PNP Gonzaga, Cag. | I77: For resolution
A78: 48 | B78: Dec. 9, 2014/ Alucao, Sta. Teresita, Cag. | C78: No permit/ transport documents (Fiera XHD-233) | D78: 2 PCS. CHW lbr. | E78: 0.59 | F78: 6300 | G78: CENRO compound | I78: For resolution
A79: =COUNTA(A31:A78) -> 48 | B79: sub-total | E79: =E78+E77+E76+E75+E74+E73+E71+E70+E69+E68+E67+E66+E65+E64+E63+E62+E61+E60+E59+E58+E57+E56+E56+E55+E54+E53+E53+E53+E53+E54+E53+E53+E51+E53+E50+E49+E48+E47+E46+E45+E44+E43+E42+E41+E40+E39+E38+E37+E32+E31 -> 73.705268 | F79: =SUM(F31:F78) -> 772198.79
B80: CENRO ALCALA
A81: 1 | B81: January 7, 2014/ Piggatan, Alcala, cag. | C81: No permit/ transport documents (NJH-999) | D81: 493 pcs. CHW lumbers | E81: =8497/424 -> 20.040094 | F81: 169940 | G81: Compound of 21st IB, Philippine Army based at Masin, Alcala, Cag. | H81: 21st IB, PA at Masin, Alcala, Cag. | I81: Both conveyance and forest products was ordered confiscated in favor of the government dated April 11, 2014. With Order of Finality received on Dec. 03, 2024 promulgated on April 11, 2014 with Docket No. R2-F-961
A82: 2 | B82: February 3, 2014/ Piggatan, Alcala, Cag. | C82: No permit/ transport documents XHY-479) | D82: 588 pcs. CHW lumber | E82: 18.84 | F82: 223664 | G82: Compound of 21st IB, Philippine Army based at Masin, Alcala, Cag./ Lt. Col. Niceforo Diaz | H82: 21st IB, PA at Masin, Alcala, Cag. | I82: Both conveyance and forest products was ordered confiscated in favor of the government dated April 30, 2014. For donation to PA
A83: 3 | B83: February 20, 2014/ Piggatan, Alcala, Cag. | C83: No permit/ transport documents (UBC-461) | D83: 890 pcs. CHW lumber | E83: 31 | F83: 368060 | G83: Compound of 21st IB, Philippine Army based at Masin, Alcala, Cag. | H83: 21st IB, Philippine Army, Masin, Alcala, Cag. | I83: Both conveyance and its load of forest products was ordered confiscated in favor of the government dated Sept. 5, 2014. With Order of Finality received on Sept. 16, 2024
A84: 4 | B84: March 16, 2014/ Brgy. Estafania, Amulung, Cagayan | C84: No claimant | D84: 16 pcs. CHW lumbers | E84: 0.57 | F84: =12128.81*E84 -> 6913.4217 | G84: CENRO compound | H84: PNP Amulung | I84: Under administrative adjudication proceedings
A85: 5 | B85: April 17, 2014/ So Daligadig,Sta Margarita,Baggao, Cagayan | C85: No claimant | D85: 14 pcs. CHW lumbers | E85: 1.18 | F85: 14312 | G85: CENRO compound | H85: 77th IB, PA based at Piggatan, Alcala, Cagayan | I85: Under administrative adjudication proceedings
A86: 6 | B86: May 14, 2014/ Checkpoint of PA based at Piggatan, Alcala, Cag. | C86: No permit/ transport documents (UUM-753) | D86: 6 small table, 1 Narra round table, 9 highback chair and 2 stool | G86: 77th IB, PA compound at Piggatan, Alcala, Cagayan | H86: 77th IB, PA based at Piggatan, Alcala, Cagayan | I86: Under administrative adjudication proceedings
A87: 7 | B87: July 8, 2014/ So. Daligadig, Sta. Margarita, Baggao, Cag. | C87: No claimant | D87: 121 pcs. Red Lauan lumber | E87: 3.68 | F87: 31240 | G87: CENRO compound | H87: 21st IB, PA at Masin, Alcala, Cag. | I87: Confiscated in favor of the government per ordered dated August 20, 2014
A88: 8 | B88: August 17, 2024/ So. Hot Spring, Zone 7, Asinga Via, Baggao, Cagayan | C88: Abandoned | D88: 12 pcs. Red Lauan | E88: 0.566 | I88: Order of Confiscation received Jan. 16, 2025 with Docket No. R2-ED-2024-222 promulgated on Nov. 22, 2024
A89: 9 | B89: August 22, 2014/ Burubur, Lal-lo, Cagayan | C89: No permit/ transport documents (BEV-942) | D89: 3 pcs. Dau | E89: 0.78 | F89: 9960 | G89: 77th IB, PA compound at Piggatan, Alcala, Cagayan | H89: 77th IB, PA based at Piggatan, Alcala, Cagayan | I89: Under administrative adjudication proceedings
A90: 10 | B90: October 10, 2014/ Maharlika Highway, Baybayog, Alcala, Cag. | C90: No permit/ transport documents (ZJB-456) | E90: 4.95 | F90: =12128*4.95 -> 60033.6 | G90: CENRO compound | H90: 77th IB, PA | I90: The conveyance was ordered returned to the owner while the forest products was confiscated in favor of the gov't. per order dated Sept. 8, 2016
A91: 10 | B91: sub-total | E91: =SUM(E81:E90) -> 81.606094 | F91: =SUM(F81:F90) -> 884123.02
B92: CENRO SANCHEZ MIRA
A93: 1 | B93: February 7, 2014/ Cabuluan East, Ballesteros, Cag. | C93: No permit/ transport documents (WGR-892) | D93: 45 pcs. CHW lumbers | E93: 3.59 | F93: 39589.42 | G93: CENRO compound | H93: CENRO Sanchez Mira | I93: Both conveyance and its load of forest products was ordered confiscated in favor of the government dated Sept. 1, 2014. With Order of Finality received on Sept. 11, 2024
A94: 2 | B94: May 21, 2014/ So. Carallan, Sta. Cruz, Pamplona, Cag. | C94: No claimant | D94: 34 pcs. CHW lumber | E94: 2.74 | F94: 23280 | G94: Brgy. Hall, Sta. Cruz, Carallan, Pamplona, Cag. | H94: Brgy. Officials of Sta. Cruz, Pamplona & PNP 2nd Maneuver Platoon based at Curva, Pamplona, Cag. | I94: Confiscated in favor of the government dated Dec. 10, 2014. Ordered final and executory dated March 25, 2021
A95: 3 | B95: May 29, 2014/ Nagtupakan, Pamplona, Cag. | C95: No claimant | D95: 20 pcs. CHW lumbers | E95: 2.08 | F95: 17660 | G95: PENR Office, San Gabriel, Tug. City | H95: PNP Pamplona, Cag. | I95: The forest products were hauled and brought to PENR Office. Confiscated in favor of the government dated Dec. 10, 2014. 600 bd.ft. donated to CBFM Dammang for the construction of boat for their livelihood project
A96: 4 | B96: July 24, 2014/ Masi, Pamplona, Cag. | C96: No claimant | D96: 28 pcs. CHW lumber | E96: 1.59 | F96: 10164.9 | G96: CENRO compound | H96: 2nd Maneuver Platoon based at Curva, Pamplona, Cagayan, Task Force of DENR-Apayao and PNP Pamplona | I96: Confiscated in favor of the gevernment per order dated Sept. 30, 2014. Ordered final and executory dated March 12, 2021. Donated to Sanchez Mira School of Arts and Trades per Deed of Donation dated November 14, 2014
A97: 5 | B97: November 6, 2014/So. Carallan, Curva, Pamplona, Cagayan | C97: Assembled Kuliglig | D97: 15pcs. CHW lumber | E97: 0.79 | F97: 0.79 | G97: CENRO compound/ Mario Bungubung | H97: CENRO compound/ Mario Bungubung | I97: A case was filed at PPO Sanchez Mira with Case No. NPS-II-2SM-INQ-14k-00036
A98: 5 | B98: SUB-TOTAL | E98: =SUM(E93:E97) -> 10.79 | F98: =SUM(F93:F97) -> 90695.11
B99: CENRO SOLANA
A100: 1 | B100: February 26, 2014/ Purok 6, Sto. Cabaruan, Maguirig, Solana, Cag. | C100: Mercedez Benz MB100 Van CXH-413 | D100: 31 pcs. Narra lumber/ flitches | E100: =454.38/424 -> 1.0716509 | F100: 45438 | G100: PNP Maguirig, Solana, Cag. | H100: Provincial Public Safety Company based at Lannig, Solana, Cag. | I100: Both conveyance and forest products ordered confiscated in favor of the government per order of the RED dated Dec. 10, 2014
A101: 2 | B101: June 25, 2014/ Abbut, Bagumbayan, Tuao, Cagayan | C101: CBD-772 | D101: 44 pcs. CHW lumber/ flitches | E101: 3.63 | F101: 46200 | G101: CENRO compound | H101: PNP Tuao | I101: The conveyance was ordered returned to the owner while the forest products was ordered confiscated in favor of the government dated April 25, 2017
...

Sheet 2015
A1: CONSOLIDATED APPREHENDED, SEIZED AND CONFISCATED FOREST PRODUCTS
A2: PROVINCE OF CAGAYAN
A3: CALENDAR YEAR 2015
A5: Date & Place of apprehension/ seizure & confiscation | B5: Circumstances of apprehension/ seizure & confiscation (e.g. no permit, or accompanying documents, etc.) | C5: Description of Forest Products | G5: Place Stockpiled and Custodian with complete address | H5: Other agencies involved in the apprehension/ seizure & confiscation (Names of personnel, LGUs, etc.) | I5: Other remarks (condition, status of criminal complaint if any, etc.)
C6: Quantity (# of pcs.) and form (lumber, logs, flitches, split/unsplit rattan, etc.) | D6: VOLUME (CU.M.) | E6: VOLUME (bd.ft.) | F6: Estimated Market Value (PhP)
A7: CENRO APARRI
A8: Jan. 16, 2015/ Burubur, Magapit, Lal-lo, Cag. | B8: No permit/transport documents (WRD-139) | C8: 8 pcs. Narra flitches | D8: 0.738 | F8: 14096.25 | G8: CENRO Aparri compound/Edgar T. Martin | H8: 77th IB, 5th ID Bravo Coy Phil. Army | I8: Both forest products and the conveyance were ordered confiscated in favor of the government. The case filed against Darwin Calabiao was dismissed while the two (2) accused pleaded guilty for a lower offense, per Order dated March 9, 2015 of Presiding Judge Conrado T. Tabacco, TRC Branch 9, Aparri, Cag. Confiscated in favor of the government dated July 31, 2019. With Order of Finality received on Sept. 04, 2024
A9: February 7, 2015/Felipe Tuzon, Camalaniugan, Cagayan | B9: No permit (Froilan Fernando, Lope Esquiero, Junior Fernando, Bryan Padi, Jerwin Motay | C9: 18 pcs. Apitong poles | D9: =0.545 -> 0.545 | F9: 5775.19 | G9: CENRO Aparri compound/Edgar T. Martin | H9: PNP Camalaniugan, cag. | I9: Confiscated in favor of the government dated August 13, 2015. The case was filed against the 5 accused at the Office of the Provincial Prosecutor, Aparri, Cagayan on February 17, 2015 under NPS Docket No. II-02a-INV-158-00033.Order of finality date received January 8, 2025, date of promulgation August 13, 2015 with Docket no. R2-F-1105
A10: February 16, 2015/ Luga, Sta. Teresita, Cag. | B10: No permit/transport documents (Isuzu Elf with no Plate N0.) | C10: 111 ppcs. Red Lawan lumber | D10: =2356.66/424 -> 5.5581604 | F10: 58916.25 | G10: CENRO Aparri compound/Edgar T. Martin | H10: 26th CCAAC Patrol Base Company, Luga, Sta. Teresita, Cag. | I10: For reolution
A11: February 24, 2015/ Alagia, Lal-lo, Cagayan | B11: No claimant | C11: 75 pieces Gmelina lumber and 5 flitches | D11: =1041/424 -> 2.4551887 | F11: 27066 | G11: CENRO Aparri compound/Edgar T. Martin | H11: 17th IB Charlie Company, PA Alannay based at Lasam, Cagayan | I11: Under administrative adjudication proceedings
A12: February 26, 2015/ Catayauan, Lal-lo, Cag. | B12: No permit/transport documents (BVP-267) | C12: 13 pcs. Narra lumber | D12: =177.33/424 -> 0.41823113 | F12: 8866 | G12: CENRO Aparri compound/Edgar T. Martin | H12: PNP Lal-lo, Cagayan | I12: Confiscated in favor of the government datedFebruary 21, 2015. With Order of Finality received on Sept. 11, 2024
A13: March 3, 2015/ Macanaya, Aparri, Cagayan | B13: No permit/transport documents (BVP-264) | C13: 25 sacks charcoal | F13: 3750 | G13: CENRO Aparri compound/Edgar T. Martin | H13: Maritime Police Precint, Macanaya Wharf Aparri, Cag. | I13: Confiscated in favor of the government per order of the RED dated June 10, 2016. The Motion for Reconsideration is denied per order dated February 8, 2017. With Order of Finality received on Aug. 27, 2024
A14: March 13, 2015/ Dumasag, Rapuli, Sta. Ana, Cagayan | B14: No claimant | C14: 7 pcs. Red Lauan lumber | D14: =233/424 -> 0.5495283 | F14: 5825 | G14: Composite-Monitoring Center, Casambalangan, Sta. Ana, Cag. | H14: CEZA | I14: Under administrative adjudication proceedings
A15: April 5, 2015/ Ziminila, Camalaniugan, Cag. | B15: No claimant | C15: 7 sacks charcoal | F15: 2550 | G15: CENRO Aparri compound | I15: Confiscated in favor of the government per order of the RED dated June 10, 2015. With Order of Finality received on Dec. 09, 2024 promulgated on June 16, 2015 with Docket No. R2-F-1096
A16: April 23, 2015/ Abulug National Rural and Vocational High School, Langcay, Abulug, Cagayan | C16: 10 Narra flitches, 1 Office Table, & 4 Tool Cabinets | I16: With Order of Finality received on Dec. 03, 2024 promulgated on Aug. 12, 2015 with Docket No. R2-F-1101
A17: April 29, 2015/ San Vicente, Sta. Ana, Cagayan | B17: (Motorized Banca) | C17: 20 pcs. Red Lauan/ Narra lumber | D17: 0.34 | F17: 19588 | G17: Philippine Navy, NBCO/ Camilo Osias | H17: Philippine Navy, NBCO | I17: Under administrative adjudication proceedings
A18: May 1, 2015/ Bulala, Camalaniugan, Cagayan | B18: tricycle Kulong-kulong | C18: 60 pcs. Red Lauan lumber | D18: =328/424 -> 0.77358491 | F18: 8200 | G18: CENRO Aparri compound | I18: For reolution
A19: June 23, 2015/ Bulala, Camalaniugan, Cagayan | B19: Kulong-kulong w/ Plate No. BA-75835 | C19: 18 pcs. White Lauan lumber | D19: =118/424 -> 0.27830189 | F19: 3540 | G19: CENRO Aparri compound/Edgar T. Martin | I19: Confiscated in favor of the government per order of the RD dated May 12, 2016
A20: June 23, 2015/So. Salwang, Kapanikian, Sta. Ana, Cagayan | B20: No claimant | C20: 34 pcs. Apitong and Red Lauan lumber/flitches | D20: 2.57 | F20: 27301 | H20: LGU MENRO, Sta. Ana and PNP Sta. Ana | I20: Confiscated in favor of the government per order of the RD dated November 26, 2015. With Order of Finality received on Dec. 09, 2024 promulgated on Nov. 26, 2015 with Docket No. R2-F-1117
A21: June 24, 2015/ So. Salwang, Barangay Kapanikian, Sta. Ana, Cag. | B21: No claimant | C21: 19 pieces Red Lauan lumber | D21: 0.56 | F21: 6000 | H21: PNP Sta. Ana | I21: Confiscated in favor of the government per order of the RD dated November 26, 2015. With Order of Finality received on Dec. 09, 2024 promulgated on Nov. 26, 2015 with Docket No. R2-F-1116
A22: July 3, 2015/ Katiwayan, Rapuli, Sta. Ana, Cagayan | B22: No claimant | C22: 28 pcs. Red Lauan lumber/ flitches | D22: 1.49 | F22: 15814 | H22: PNP-RMG Casambalangan | I22: Confiscated in favor of the government per order of the RED dated August 12, 2015. With Order of Finality received on Dec. 03, 2024 promulgated on Aug. 12, 2015 with Docket No. R2-F-1099
A23: July 8, 2015/ Samuk-Samik, Centro, Sta. Ana, Cagayan | B23: No claimant | C23: 44 pieces Red Lauan lumber | D23: 1.32 | F23: 14049 | G23: MENRO Designate, Florence Obiano | H23: LGU MENRO and PNP Sta. Ana | I23: Confiscated in favor of the government per order of the RED dated August 19, 2015. With Order of Finality received on Dec. 03, 2024 promulgated on Aug. 19, 2015 with Docket No. R2-F-1109
A24: July 17, 2015/ Salwang, Kapanikian, Sta. Ana, Cagayan | B24: No claimant | C24: 37 pcs. Red Lauan | D24: 1.47 | F24: 15683 | G24: MENRO Designate, Florence Obiano | H24: LGU MENRO and PNP Sta. Ana | I24: Confiscated in favor of the government dated January 8, 2016. Ordered final and executory dated March 1, 2021
A25: July 27, 2015/ Salwang, Kapanikian, Sta. Ana, Cagayan | B25: No claimant | C25: 153 pcs. Red Lauan | D25: 9.14 | F25: 77546.2 | G25: MENRO Designate, Florence Obiano | H25: LGU MENRO and PNP Sta. Ana | I25: Confiscated in favor of the government dated January 12, 2016. Ordered final and executory dated March 1, 2021
A26: July 9, 2015/ Sta. Clara, Sta. Ana, Cagayan | B26: No permit to cut (Charlie Legaspi) | C26: 185 pcs. Narra and Red Lauan timber | D26: 26.85 | F26: 161100 | G26: MENRO Designate, Florence Obiano | H26: LGU MENRO and PNP Sta. Ana | I26: Under administrative adjudication proceedings
A27: July 9, 2015/ Sta. Clara, Sta. Ana, Cagayan | B27: No permit to cut (Ernesto Cadiz) | C27: 180 pcs. Red and White Lauan timber | D27: 44.87 | F27: 224350 | G27: MENRO Designate, Florence Obiano | H27: LGU MENRO and PNP Sta. Ana | I27: Under administrative adjudication proceedings
A28: July 28, 2015/ Camiguin, Calayan, Cagayan | B28: No claimant | C28: 5 pcs. Narra lumber | D28: 0.77 | F28: 19558.8 | G28: PCG District Office, Minanga, Aparri, Cag./ Lt. Senior Grade Edgardo Aguilar | H28: PCG District Office | I28: Confiscated in favor of the government dated February 4, 2016. Ordered final and executory dated March 15, 2021
A29: August 1, 2015/San Vicente, Sta. Ana, Cagayan | B29: Motorized Banca | C29: 32 pcs. White Lauan lumber | D29: 0.37 | F29: 3966.25 | G29: PN, NBCO, San Vicente, Sta. Ana, Cag./ Lt. Coomander Renato Ringor | H29: Philippine Navy | I29: Confiscated in favor of the government dated November 4, 2015
A30: August 3, 2015/ Pateng, Gonzaga, Cagayan | B30: PUV BVE-373 | C30: 22 pcs. Red Lauan lumber | D30: 0.75 | F30: 7957.75 | G30: CENRO Aparri compound/Edgar T. Martin | H30: LGU MENRO Gonzaga and PNP Gonzaga | I30: For resolution. With Order of Finality received on Aug. 27, 2024
A31: August 14, 2015/ San Vicente, Sta. Ana, Cagayan | B31: Motorized Banca | C31: 8 pcs. Gatasan lumber | D31: =208.33/424 -> 0.49134434 | F31: 5208.25 | G31: PN, NBCO, San Vicente, Sta. Ana, Cag./ Lt. Coomander Renato Ringor | H31: Philippine Navy | I31: For resolution
A32: Aug. 17, 2015/ San Vicente, Strait, Sta. Ana, Cag. | B32: No permit/transport documents (Motorized Banca) | C32: 44 pcs. Red Lauan lumber | D32: 0.57 | F32: 6116.5 | G32: PN, NBCO, San Vicente, Sta. Ana, Cag./ Lt. Coomander Renato Ringor | H32: Philippine Navy | I32: For resolution
A33: September 7, 2015/ Fusina, Lal-lo, Cagayan | B33: Handtractor/ Kuliglig | C33: 6 pcs. Narra lumber | D33: =75.99/424 -> 0.1792217 | F33: 3799.5 | G33: CENRO Aparri compound/Edgar T. Martin | H33: BLGU Fusina Lal-lo, Cag. | I33: For reolution
A34: September 7, 2015/ Fusina, Lal-lo, Cagayan | B34: Handtractor/ Kuliglig | C34: 6 pcs. Narra lumber | D34: =84.99/424 -> 0.20044811 | F34: 4249.5 | G34: CENRO Aparri compound/Edgar T. Martin | H34: BLGU Fusina Lal-lo, Cag. | I34: For reolution
A35: September 13, 2015/ Dungeg, Sta. Ana, Cagayan | B35: No claimant | C35: 50 pcs. Red Lauan lumber | D35: 0.9 | F35: 9545.75 | G35: MENRO Designate, Florence Obiano | H35: LGU MENRO and PNP Sta. Ana | I35: Under administrative adjudication proceedings
A36: September 15, 2015/ Dungeg, Sta. Ana, Cag. | B36: No claimant | C36: 23 pcs. Red Lauan lumber | D36: 1.18 | F36: 12525 | G36: MENRO Designate, Florence Obiano | H36: LGU MENRO and PNP Sta. Ana | I36: Confiscated in favor of the government dated January 8, 2016. Ordered final and executory dated March 1, 2021
A37: September 17, 2015/ Cumao, Gattaran, Cagayan | B37: No claimant | C37: 6 pcs. CHW flitches | D37: 1.03 | I37: Under administrative adjudication proceedings. Ewith Order of Finality received on Dec. 09, 2024 promulgated on Oct. 26, 2015 with Docket No. R2-F-114
A38: September 23, 2015/ Paranum, Lal-lo, Cagayan | B38: Handtractor/ Kuliglig | C38: 23 pcs. Narra lumber | D38: 0.24 | F38: 6234.6 | G38: CENRO Aparri compound/Edgar T. Martin | H38: PNP Lal-lo | I38: For resolution
A39: SUB-TOTAL | D39: =SUM(D8:D38) -> 106.60701 | F39: =SUM(F8:F38) -> 779177.79
A40: CENRO TUGUEGARAO
A41: February 3, 2015/ Dodan, Peñablanca, Cag. | B41: No claimant | C41: 48 pcs. CHW lumber | D41: =784/424 -> 1.8490566 | F41: 27440 | G41: PENRO, Sub-Office, Carig, Tuguegarao City | I41: Confiscated in favor of the government per order of the RED dated March 31, 2015. Ordered final and executory dated February 22, 2021
A42: June 11, 2015/ Atulayan Norte, Tuguegarao City | B42: Mini-dump truck no plate | C42: 23 pcs. Narra lumber/8 Gmelina flitches | D42: =460.26/424 -> 1.0855189 | F42: 27729.8 | G42: PENRO, Sub-Office, Carig, Tuguegarao City | I42: Confiscated in favor of the government dated April 1, 2016
A43: June 27, 2015/ Quibal, Peñablanca, Cag. | B43: Kulong-kulong no Plate | C43: 2 pcs. CHW lumber | D43: =72/424 -> 0.16981132 | G43: PENRO, Sub-Office, Carig, Tuguegarao City | I43: Confiscated in favor of the government per order of the RED dated January 12, 2016. With Order of Finality received on Sept. 06, 2024
A44: August 7, 2015/ Maharlika Highway, Carig, Tuguegarao City | B44: Mini-dump truck UPE 226 | C44: 60 pcs. CHW lumber | D44: =360/424 -> 0.8490566 | F44: 12600 | G44: PENRO, Sub-Office, Carig, Tuguegarao City | I44: Confiscated in favor of the government dated October 27, 2017. With Order of Finality received on Sept. 11, 2024
A45: SUB-TOTAL | D45: =SUM(D41:D44) -> 3.9534434 | F45: =SUM(F41:F44) -> 67769.8
A46: CENRO SOLANA
A47: February 5, 2015/ Gumarueng, Piat, Cag. | B47: RGW-946 | C47: 129 pcs. CHW lumber | D47: =2132/424 -> 5.0283019 | F47: 63960 | G47: CENRO Compound, Lannig, Solana, Cag. | H47: PNP members of PNP Station, Piat, Cag. | I47: Confiscated in favor of the government dated November 18, 2015
A48: May 10, 2015/ Sta. Barbara, Piat, Cagayan | B48: BCN-705 | C48: 7 pcs. Gmelina lumber | D48: =141.64/424 -> 0.3340566 | F48: 4249.2 | G48: CENRO Compound, Lannig, Solana, Cag. | H48: PNP Piat, Cagayan | I48: For resolution
A49: June 3, 2015/ Minuguian, Gagabutan West, Rizal, Cagayan | B49: No permit to cut | C49: 20 pcs. CHW lumber | D49: 0.25 | F49: 2133.2 | G49: CENRO Compound, Lannig, Solana, Cag. | H49: Rizal PNP Station PSI Eugenio Catubag, Jr. | I49: Under administrative adjudication proceedings
A50: June 7, 2015/ Niug Norte, Sto. Niño, Cagayan | B50: No permit (Ramil Cauilan Aka Patti) | C50: 11 pcs. CHW flitches | D50: 1.2 | F50: 10175.4 | I50: Under administrative adjudication proceedings
A51: June 8, 2015/ San Luis, Tuao, Cagayan | B51: No permit (Bandsaw) | C51: 2,451 pcs. Gmelina lumber and logs | D51: 9.41 | F51: 109759.6 | G51: PSI Ponciano M. Taliping, Jr. COP, Tuao, PNP Station | H51: PNP Tuao | I51: Under administrative adjudication proceedings
A52: July 1, 2015/ Catarauan, Piat, Cagayan | B52: No permit to cut | C52: 10 pcs. Gmelina logs | D52: 1.04 | F52: 5200 | I52: Under administrative adjudication proceedings
A53: July 8, 2015/ Sitio Abbut, Bagumbayan, Tuao, Cagayan | B53: No claimant | D53: =245.5/424 -> 0.57900943 | F53: 19640 | G53: PNP Tuao compound | H53: PNP Tuao | I53: Under administrative adjudication proceedings
A54: July 15, 2015/ Aquib, Piat, Cag. | B54: No permit to cut | C54: 19 pcs. Narra flitches | D54: =679.56/424 -> 1.6027358 | F54: 54364.8 | G54: PNP Piat, Cagayan | H54: PNP Piat | I54: Under administrative adjudication proceedings
A55: SUB TOTAL | D55: =SUM(D47:D54) -> 19.444104 | F55: =SUM(F47:F54) -> 269482.2
A56: CENRO ALCALA
A57: February 2, 2015/ So. Daligadig, Sta. Margarita, Cag. | B57: No claimant | C57: 54 pcs. CHW lumber/ flitches | D57: =488/424 -> 1.1509434 | F57: =1.151*12713.75 -> 14633.526 | G57: CENRO compound, Baybayog, Alcala, Cag. | H57: MENRO Baggao, Cagayan | I57: Confiscated in favor of the government per order of the RD dated June 4, 2015. With Order of Finality received on Dec. 03, 2024 promulgated on June 04, 2015 with Docket No. R2-F-1090
A58: February 6, 2015/ So. Daligadig, Sta. Margarita, Baggao, Cag. | B58: No claimant | C58: 34 pcs. CHW lumber | D58: =433/424 -> 1.0212264 | F58: =D58*12713.75 -> 12983.617 | G58: CENRO compound, Baybayog, Alcala, Cag. | H58: MENRO Baggao, Cagayan | I58: Confiscated in favor of the government per order of the RD dated June 4, 2015. With Order of Finality received on Dec. 03, 2024 promulgated on June 04, 2015 with Docket No. R2-F-1091
A59: February 23, 2015/ So. Daligadig, Sta. Margarita, Baggao, Cagayan | B59: No claimant | D59: =1200/424 -> 2.8301887 | F59: =D59*12713.75 -> 35982.311 | G59: CENRO compound, Baybayog, Alcala, cag. | H59: 77th IB Philippine Army | I59: Confiscated in favor of the government per order of the RD dated June 4, 2015
A60: August 25, 2015/ Annayatan, San Jose, Baggao, Cagayan | B60: WAG-222 | C60: 3 pcs. Bolong- eta flitches | D60: =44/424 -> 0.10377358 | F60: 2640 | G60: CENRO compound, Baybayog, Alcala, cag. | H60: PNP San Jose, Baggao, Cag. | I60: Confiscated in favor of the government dated July 5, 2015.
A61: November 9, 2015/ So. Daligadig, Sta. Margarita, Baggao, Cag | B61: No claimant | C61: 66 pcs. CHW lumber | D61: 2.69 | F61: 34200 | I61: Under administrative adjudication proceedings
A62: November 20, 2015/ So. Birao, Hacienda Intal, Baggao, Cag. | B62: chainsaw | D62: =SUM(D57:D61) -> 7.7961321 | F62: =SUM(F57:F61) -> 100439.45 | G62: PENR Office/ Romeo Galang, property custodian | I62: Confiscated in favor fo the government per order dated May 4, 2016
A63: SUB TOTAL | D63: =SUM(D57:D62) -> 15.592264 | F63: =SUM(F57:F62) -> 200878.91
A64: CENRO SANCHEZ MIRA
A65: March 23, 2015/ So. Cuseteng, Barangay Bangan, Sanchez Mira, Cag. | B65: No claimant | C65: 59 pcs. CHW lumber | D65: 3.7 | F65: =7632.45*D65 -> 28240.065 | G65: CENRO Compound | H65: PNP Sanchez Mira, Cag. | I65: Confiscated in favor of the government per order of the RD dated May 28, 2015. With Order of Finality received on Dec. 13, 2024 promulgated on Aug. 05, 2015 with Docket No. R2-F-1098
A66: April 23, 2015/ Rural Vocational High School, Langay, Abulug, Cag. | C66: 1 Narra Office table and Narra tool cabinet | D66: =120/424 -> 0.28301887 | F66: 14000 | G66: RVHS Compound | I66: Confiscated in favor of the government per order of the RD dated August 12, 2015
A67: June 4, 2015/ So. Federico, Gattu, Pamplona, Cag. | B67: No claimant | C67: 96 pcs. CHW lumber | D67: 4.969 | F67: 37925.64 | G67: CENRO Compound | H67: DENR Apayao, PNP Pamplona and PNP Apayao | I67: Confiscated in favor of the government per order of the RD dated August 12, 2015. With Order of Finality received on Dec. 03, 2024 promulgated on Aug. 12, 2015 with Docket No. R2-F-1107
A68: August 13, 2015/ Claveria, Cagayan | B68: UPU 833 | C68: 123 pcs. CHW lumber | D68: 6.16 | F68: =7632.45*D68 -> 47015.892 | G68: CENRO Compound | H68: PNP Claveria and 2nd Maneuver Platoon PPSC | I68: Under administrative adjudication proceedings
A69: SUB-TOTAL | D69: =SUM(D65:D68) -> 15.112019 | F69: =SUM(F65:F68) -> 127181.6
A70: GRAND TOTAL | D70: =D69+D63+D55+D45+D39 -> 160.70884 | F70: =F69+F63+F55+F45+F39 -> 1444490.3

Sheet 2016
A1: CONSOLIDATED APPREHENDED, SEIZED AND CONFISCATED FOREST PRODUCTS, CONVEYANCES AND EQUIPMENT
A2: PROVINCE OF CAGAYAN
A3: CALENDAR YEAR 2016
A5: Date & Place of apprehension/ seizure & confiscation | B5: Circumstances of apprehension/ seizure & confiscation (e.g. no permit, or accompanying documents, etc.) | C5: Description of Forest Products | G5: Place Stockpiled and Custodian with complete address | H5: Other agencies involved in the apprehension/ seizure & confiscation (Names of personnel, LGUs, etc.) | I5: Other remarks (condition, status of criminal complaint if any, etc.)
C6: Quantity (# of pcs.) and form (lumber, logs, flitches, split/unsplit rattan, etc.) | D6: VOLUME (CU.M.) | E6: VOLUME (bd.ft.) | F6: Estimated Market Value (PhP)
A7: CENRO APARRI
A8: F ebruary 1, 2016/Guising, Gattaran, Cag. | B8: No permit to transport (UUL 360) | C8: 218 pcs. Red and White Lauan lumber | D8: 2.37 | F8: 25150 | G8: CENRO compound | H8: BLGU Guising Gattaran and PNP Gattaran | I8: Criminal case was filed in court against Nestor Pajudpud & Gerald Garcia docketed under NPS-II-02a-INV-16D-00099 on April 11, 2016. With Order of Finality received on sept. 11, 2024
A9: February 20, 2016/ Pateng, Gonzaga, Cagayan | B9: No permit to transport (020405) | C9: 11 kamagong lumber | D9: =109.5/424 -> 0.25825472 | F9: 5475 | G9: CENRO compound | H9: PNP Gonzaga | I9: The accused (Rodel Samortin) pleaded guilty for a lower offense 6 months to 2 years imprisonment and a fine of ₱500.00.The forest products and conveyance were ordered confiscated in favor of the government per order dated June 7, 2016 issued by Presiding Judge Conrado Tabaco of RTC Branch 9, Aparri, Cag. With Order of Finality received on Sept. 04, 2024
C10: 12 Narra lumber | D10: =146.49/424 -> 0.34549528 | F10: 7274.5
A11: February 20, 2016/ Brgy. Palawig, Sta. Ana, Cag. | B11: No permit to transport (BC-40918) | C11: 17 pcs. Red Lauan Lumber | D11: =204/424 -> 0.48113208 | F11: 5100 | G11: CENRO compound | H11: PNP Sta. Ana, Cagayan | I11: For resolution
A12: February 20, 2016/ Brgy. Centro, Sta. Ana, Cag. | B12: No permit to transport (Kulong-kulong) | C12: 13 pcs. Red Lauan Lumber | D12: =164/424 -> 0.38679245 | F12: 4100 | G12: CENRO compound | H12: PNP Sta. Ana, Cagayan | I12: For resolution
A13: February 20, 2016/ Brgy. Palawig, Sta. Ana, Cag. | B13: No permit to transport ( Center Car) | C13: 10 pcs. Red Lauan lumber | D13: =160/424 -> 0.37735849 | F13: 4000 | G13: CENRO compound | H13: PNP Sta. Ana, Cagayan | I13: For resolution
A14: March 10, 2016/ Centro West, Allacapan, Cagayan | B14: No permit to transport (TCC-198) | C14: 18 pcs. Gmelina lumbers | D14: =93/424 -> 0.21933962 | F14: 2418 | G14: CENRO compound | H14: PNP Allacapan | I14: Criminal Case was filed at OPP Ballesteros, Cag. Against Jaylord Salcedo on March 14, 2016. With Order of Finality received on Aug. 27, 2024
C15: 35 CHW lumber | D15: =358/424 -> 0.84433962 | F15: 10024 | G15: CENRO compound
A16: May 16, 2016/ Nangaramuan, Sta. Ana, Cag. | B16: Teddy Umbay | C16: 145 Red Lauan lumber | D16: =948.064/424 -> 2.236 | F16: 23712 | G16: Nangaramuan, San Vicente, Sta. Ana/Kagawad Eduardo Palor | I16: Criminal case was filed against Teddy Umbay at OPP Aparri on June 6, 2016 docketed under NPS-II-02a-INV-16F-00071
A17: June 15, 2016/ So. Lubac, San Vicente, Sta. Ana, Cag. | B17: No claimant | C17: 58 CHW lumber | D17: =610.56/424 -> 1.44 | F17: 12200 | G17: CENRO compound | I17: Confiscated in favor of the government dated November 2, 2017
A18: June 25, 2016/ Bukig, Aparri, Cagayan | B18: No permit to transport (RGY-413) | C18: 211 pcs. Red & White Lauan lumber | D18: 3.95 | F18: 50349 | G18: CENRO compound | H18: PNP Bangag, Aparri | I18: Criminal Case was filed against the 5 suspects Reynaldo Ramos, et.al. at PPO Aparri, Cag. On June 26, 2016 under Criminal Case No. II-13254
A19: June 29, 2016/ Lubac, San Vicente, Sta. Ana, Cag. | B19: No claimant | C19: 40 White Lauan lumber | D19: =387.34/424 -> 0.91353774 | F19: 9683.5 | G19: CENRO compound | H19: PNP Maritime Sta. Ana | I19: Confiscated in favor of the government dated October 27, 2017. Odered final and executory dated November 9, 2020
A20: July 5, 2016/Magapit, Lal-lo, Cag. | B20: No claimant | C20: 38 White Lauan lumber | D20: =537.93/424 -> 1.2687028 | F20: 13448.25 | G20: CENRO compound | H20: MENRO LAL-LO | I20: Under administrative adjudication proceedings
A21: July 6, 2016/ So. Salwang, Kapanikian, Sta. Ana, Cag. | B21: No claimant | C21: 18 Red Lauan lumber | D21: =300/424 -> 0.70754717 | F21: 7522 | G21: CENRO compound | I21: Confiscated in favor of the government dated September 24, 2017. Odered final and executory dated October 21, 2020
A22: July 10, 2016/ Centro East, Allacapan, Cag. | B22: No permit to transport (owner type jeep W/ Plate No. BCJ-516) unregistered/ Berting Gelano | C22: 6 Narra flitches | D22: =236.88/424 -> 0.55867925 | F22: 9475.2 | G22: CENRO compound | I22: Criminal case was filed against Berting Galano at RTC Ballesteros, Cag. Filed by PNP Allacapan. Confiscated in favor of the government dated October 15, 2020. Ordered final and executory dated April 12, 2022
A23: July 12, 2016/ Mammit, San Mariano, Lal-lo, Cag. | B23: No claimant (1 unit STIHL-Chainsaw | C23: 59 CHW lumber | D23: =643.45/424 -> 1.5175708 | F23: 16086.25 | G23: CENRO compound | H23: PNP Lal-lo | I23: Ordered final and executory dated Dec. 2020
A24: July 12, 2016/Palawig, Sta. Ana, Cag. | B24: No permit to transport (TMX 155) / Nestor Batacan, Joel Miranda & Toniline Alog | C24: 26 Red Lauan lumber | D24: =290/424 -> 0.68396226 | F24: 7250 | G24: CENRO compound | I24: Criminal Case filed against Nestor Batacan et.al. at PPO Aparri docketed under NPS No. II-02a-INQ-16G-00129 and Crim. Case No. 13273
A25: July 13, 2016/ Sta. Clara, Sta. Ana, Cag. | B25: No claimant | C25: 20 Red Lauan & Tuai lumber | D25: =1456.4/424 -> 3.4349057 | F25: 36410 | G25: CENRO compound | H25: PNP Sta. Ana, Cagayan | I25: Confiscated in favor of the government dated November 2, 2017. Ordered final and executory dated October 26, 2020
A26: September 3, 2016/ Visitacion, Sta. Ana, Cagayan | B26: Lani Laud Villacillo | C26: 57 Narra & CHW lumber & semi-finished products | D26: =377.5/424 -> 0.89033019 | F26: =19400+2855+3465 -> 25720 | G26: CENRO compound | I26: Apprehended through Search Warrant issued by Hon. Judge Canrado Tabaco on Sept. 2, 2016. A criminal case was filed against Lannie Villacillo under NPS No. II-02a-INV-16I-00278
A27: September 3, 2016/ Visitacion, Sta. Ana, Cagayan | B27: Lani Laud Villacillo | C27: 199 pcs. Premium and CHW lumber and semi-finished furniture items | D27: =1619.7/424 -> 3.8200472 | F27: =3840+38572.5 -> 42412.5 | G27: CENRO compound | H27: Barangay Officials, PNP Sta. Ana and Maritime Group | I27: Apprehended through Search Warrant issued by Hon. Judge Canrado Tabaco on Sept. 2, 2016. A criminal case was filed against Lannie Villacillo under NPS No. II-02a-INV-16I-00279
A28: October 7, 2016/ Marede, Sta. Ana, Cag. | B28: Marvin Agcaoili | C28: 46 Narra & Kamagong lumber/flitches | D28: =(64.16+1940.97)/424 -> 4.7290802 | F28: =3208+97048.5 -> 100256.5 | G28: CENRO compound | H28: PNP based at Casambalangan, Sta. Ana, Cag. | I28: The seizure was executed through Search Warrant No. 73-16 issued by Judge Neljoe A. Cortes RTC, Branch VI, Aparri, Cag. On Oct. 7, 2016. A criminal case was filed under NPS No. II-02a-INV-16K-00345. Confiscated in favor of the government per order dated October 31, 2019 issued by Atty. Antonio A. Abawag.Order of Finality date received January 8, 2025 and date promulgated October 31, 2019 and docket no. R2-F-1382
A29: October 15, 2016/ Centro Sta. Ana, Cag. | B29: No permit to transport (kulong-kulong) | C29: 15 CHW lumber | D29: =228/424 -> 0.53773585 | F29: 5700 | G29: CENRO compound | I29: For resolution
A30: October 15, 2016/Palawig, Sta. Ana, Cag. | B30: No permit to transport (kulong-kulong)/Jay-ar Burguita &Jay-mar Burguita | C30: 10 CHW lumber | D30: =96/424 -> 0.22641509 | F30: 2400 | G30: CENRO compound | I30: For resolution
A31: November 5, 2016/ Bulala Sur, Aparri, Cag. | B31: No permit/1 table saw/ Marlon Labbao | C31: 11 CHW lumber | D31: =226.03/424 -> 0.53308962 | F31: 4520 | G31: CENRO compound | H31: PNP Aparri | I31: The forest products and the undergeistered table saw were apprehended at the house and its premises of Marlon Labbao
A32: December 4, 2016/Palawig, Sta. Ana, cag. | B32: No permit to transport (kulong-kulong)/Gerald Malavi | C32: 9 CHW lumber | D32: =196/424 -> 0.46226415 | F32: 4900 | G32: CENRO compound | H32: PNP Sta. Ana, Cagayan | I32: For resolution
A33: December 4, 2016/Palawig, Sta. Ana, cag. | B33: No permit to transport (kulong-kulong)/Arnel Alog | C33: 7 CHW lumber | D33: =122.8/424 -> 0.28962264 | F33: 3070 | G33: CENRO compound | H33: PNP Sta. Ana, Cagayan | I33: For resolution
A34: SUB-TOTAL | D34: =SUM(D8:D33) -> 33.482203 | F34: =SUM(F8:F33) -> 438656.7
A35: CENRO TUGUEGARAO
A36: February 16, 2016/ Barangay Dadda, Tuguegarao City | B36: No permit to transport (Kuliglig) | C36: 25 pcs. CHW lumber | D36: =400/424 -> 0.94339623 | F36: 14000 | G36: PENRO Sub-Office | I36: Under administrative adjudication proceedings
A37: February 21, 2016/ San Gabriel, Tuguegarao City | B37: Abandoned | C37: 51 pcs. CHW lumber | D37: =731/424 -> 1.7240566 | F37: 25596.2 | G37: PENRO Sub-Office | I37: Confiscated in favor of the government dated June 9, 2016. oRDER FINAL AND EXECUTORY DATED mARCH 1, 2021
A38: March 3, 2016/ San Gabriel, Tuguegarao City | B38: No permit to transport (XGU 597) | C38: 26 pcs. Narra lumber | D38: =385/424 -> 0.90801887 | F38: 26950 | G38: PENRO Sub-Office | H38: PNP Tuguegarao | I38: Under administrative adjudication proceedings
A39: June 4, 2016/ Mayon St. San Gabriel, Tuguegarao City | B39: No permit to transport (RAA-957) | C39: 110 pcs. Gmelina lumber | D39: 2.362 | F39: 34047.6 | G39: PNP Compound | H39: PNP Tuguegarao | I39: Per memo dated November 15, 2016 of Legal Division, instructing the realese of both conveyance and its load
A40: August 6, 2016/ Nanguillattan, Peñablanca, Cag. | B40: abandoned | C40: 31 pcs. CHW flitches | D40: =1663/424 -> 3.9221698 | F40: 58205 | G40: PENRO Sub-Office | H40: PNP Tuguegarao | I40: Under administrative adjudication proceedings
A41: August 21, 2016/ Camasi, Peñablanca, Cagayan | B41: abandoned | C41: 25 CHW lumber | D41: 1.24 | F41: 18410 | G41: PENRO Sub-Office | I41: Confiscated in favor of the government dated November 10, 2016
A42: September 1, 2016/ Camasi, Peñablanca, Cagayan | B42: No permit to transport (022610) | C42: 67 pcs. Of assorted species | D42: =353/424 -> 0.83254717 | F42: =14800*D42 -> 12321.698 | G42: PENRO Sub-Office | I42: Confiscated in favor of the government dated March 10, 2020
A43: September 3, 2016/ Sisim, Peñablanca, Cagayan | B43: abandoned | C43: 36 pcs. CHW lumbr | D43: 1.05 | F43: 15575 | G43: PENRO Sub-Office | I43: Confiscated in favor of the government per order dated February 13, 2017. Order of FINALITY dated October 26, 2020
A44: November 6, 2016/ Nannarian, Peñablanca, Cag. | B44: No permit to cut (43 respondents) | C44: 103 pcs. Mahogany logs | D44: 32.05 | F44: =14800*D44 -> 474340 | G44: PENRO Sub-Office and PNP Station Peñablanca | H44: PNP Peñablanca | I44: Under administrative adjudication proceedings
A45: SUB-TOTAL | D45: =SUM(D36:D44) -> 45.032189 | F45: =SUM(F36:F44) -> 679445.5
A46: CENRO SOLANA
A47: February 7, 2016/Sto. Niño, Cagayan | B47: No permit to transport (CWL 986) | D47: =532/424 -> 1.254717 | F47: 18620 | G47: CENRO compound | H47: PNP Sto. Niño | I47: Confiscated in favor of the government dated July 5, 2016. With Order of Finality received on Sept. 12, 2024
A48: March 9, 2016/ | B48: No permit to transport (TFK-951) | D48: =360.99/424 -> 0.85139151 | F48: 36099 | G48: CENRO compound | H48: PNP Sto. Niño | I48: Confiscated in favor of the government dated June 16, 2017
A49: May 31, 2016/ Maguirig, Solana, Cag. | B49: Juanito de Asis | C49: 32 pcs. Lumber | D49: 0.6 | F49: 7609.5 | G49: CENRO compound | I49: Confiscated in favor of the government dated December 12, 2021. Order of FINALITY dated October 21, 2020
A50: June 28, 2016/ Gumarueng, Piat, Cag. | B50: no claimant | C50: 14 pcs. Gmelina flitches | D50: =413.66/424 -> 0.97561321 | F50: 12409.8 | G50: CENRO compound | I50: Under administrative adjudication proceedings
A51: July 20, 2016/ Sitio Andarayan Batu, Rizal, Cagayan | B51: Boy Tagayon | C51: 28 CHW lumber /flitches | D51: =248.49/424 -> 0.58606132 | F51: 7454.7 | G51: CENRO compound | H51: PNP Rizal, Cagayan | I51: Confiscated in favor of the government dated November 12, 2018. With Order of Resolution received on Dec. 09, 2024 promulgated on Nov. 12, 2018 with Docket No. R2-F-1327
A52: September 2015,Lallayug Elem. School | D52: 0.91 | F52: =SUM(F47:F51) -> 82193 | G52: CENRO compound (99BD. FT.) | I52: With Order of Resolution received on Jan. 23, 2024 promulgated on Dec. 13, 2023 with Docket No. R2-ED-2023-00299 | J52: Unsubmitted case folder (Mrs. Lydia Limucao-teacher- Offender)
A53: SUB-TOTAL | D53: =SUM(D47:D52) -> 5.177783 | F53: =SUM(F47:F52) -> 164386
A54: CENRO ALCALA
A55: February 26, 2016/ Agani, Alcala, Cagayan | B55: kuliglig | C55: 18 pcs. Narra lumbers | D55: =126/424 -> 0.29716981 | F55: 7560 | G55: CENRO compound | H55: PNP Alcala | I55: Confiscated in favor of the government dated February 26, 2018. With Order of Finality received on Sept. 04, 2024
A56: September 5, 2016/ Estefania, Amuluing, Cagayan | B56: AAW-4743 | D56: 3.5660377 | F56: 26520 | G56: PNP Amulung, Cagayan | H56: PNP Amulung | I56: Confiscated in favor of the government dated July 3, 2017. With Order of Finality received on Sept. 12, 2024
A57: September 6, 2016/ PTU Checkpoint, Baybayog, Alcala, Cag. | B57: BVW-139 | C57: 12 pcs. Narra flitches | D57: =442/424 -> 1.0424528 | F57: =25440*D57 -> 26520 | G57: CENRO compound | H57: PNP Alcala | I57: Confiscated in favor of the government dated June 21, 2017. With Order of Finality received on Sept. 12, 2024
A58: October 26, 2016/ Santor, Baggao, Cagayan | B58: BVS-991 | C58: Kamagong lbr. | D58: =147/424 -> 0.34669811 | F58: 13080 | G58: CENRO compound | I58: Under administrative adjudication proceedings
C59: Kadir lumber | D59: =33/424 -> 0.077830189
A60: SUB-TOTAL | D60: =SUM(D55:D59) -> 5.3301887 | F60: =SUM(F55:F59) -> 73680
A61: CENRO SANCHEZ MIRA
A62: June 14, 2016/Bangan, Sanchez Mira, Cag. | B62: no claimant | C62: 68 pcs. CHW lumber | D62: 2.8 | F62: 18943.68 | G62: CENRO compound | I62: Confiscated in favor of the government dated February 21, 2017. Utilized in making beds of inmates
A63: July 1, 2016/ Gattu, Pamplona, Cagayan | C63: 61 pcs. Red Lauan lumber | D63: 3.26 | F63: 24880.32 | G63: CENRO compound | I63: Under administrative adjudication proceedings. Utilized in the construction of food court and repair of old career court of Sanchez Mira National High School and Cagayan State University. Order of FINALITY dated October 21, 2020
A64: August 26, 2016/ Brgy. Curva, Pamplona, Cag. | B64: Melchor Mariano | C64: 204 pieces CHW lumber | D64: 3.27 | F64: =6765*D64 -> 22121.55 | G64: CENRO compound | H64: PNP 2nd Maneuver Platoon based at Curva, Pamplona | I64: Under administrative adjudication proceedings
A65: August 27, 2016/So. Kapanikian, Centro 2, Sanchez Mira, Cag. | B65: no claimant | C65: 43 pcs. Lumber | D65: 1.77 | F65: 13534 | H65: SB Sanchez Mira | I65: Under administrative adjudication proceedings. Donated to Thobun Memorial Academy for the construction of Senior High School building and Masisit Sanchez Mira Cagayan for renovation and construction of Dap-ayan affected by Typhoon Lawin
A66: Sta. Praxedes, Cagayan/ September 27, 2016 | B66: tricy YR 5357 | C66: 48 pcs. Narra lumber | D66: =901.32/424 -> 2.1257547 | F66: =25440*D66 -> 54079.2 | G66: Sta. Praxedes Police Station | H66: PNP Sta. Praxedes | I66: Under administrative adjudication proceedings
B67: tricy (YQ 2470) | C67: 51 pcs. Narra lumber | D67: =830.47/424 -> 1.9586557 | F67: =25440*D67 -> 49828.2 | G67: Sta. Praxedes Police Station | H67: PNP Sta. Praxedes | I67: Under administrative adjudication proceedings
A68: SUB-TOTAL | D68: =SUM(D62:D67) -> 15.18441 | F68: =SUM(F62:F67) -> 183386.95
A69: GRAND TOTAL | D69: =D68+D60+D53+D45+E68 -> 70.724571 | F69: =F68+F60+F53+F45+F34 -> 1539555.1

Sheet 2017
A1: CONSOLIDATED APPREHENDED, SEIZED AND CONFISCATED FOREST PRODUCTS
A2: PROVINCE OF CAGAYAN
A3: CALENDAR YEAR 2017
A5: Date & Place of apprehension/ seizure & confiscation | B5: Circumstances of apprehension/ seizure & confiscation (e.g. no permit, or accompanying documents, etc.) | C5: Description of Forest Products | G5: Place Stockpiled and Custodian with complete address | H5: Other agencies involved in the apprehension/ seizure & confiscation (Names of personnel, LGUs, etc.) | I5: Other remarks (condition, status of criminal complaint if any, etc.)
C6: Quantity (# of pcs.) and form (lumber, logs, flitches, split/unsplit rattan, etc.) | D6: VOLUME (CU.M.) | E6: VOLUME (bd.ft.) | F6: Estimated Market Value (PhP)
A7: CENRO APARRI
A8: February 4, 2017/ San Vicente Port, San Vicente, Sta. Ana, Cag. | B8: Marlon Pailano | C8: 20 pcs. Bantigue (Bonsai) | H8: NBCO San Vicente, Sta. Ana/CDR Renato T. Ringor, PN | I8: No detailed report submitted yet
A9: February 14, 2017 /So. Bigok, Alucao, Sta. Teresita, cag. | B9: No claimant | C9: 80 pcs. Red and White Lauan lumber/ flitches | D9: 4.38 | F9: 1856.79 | G9: PNP Station | H9: PNP Sta. teresita | I9: The report was received by this office on July 28, 2017
A10: February 17, 2017/ So. Bigok, Alucao, Sta. Teresita, Cag. | B10: No claimant | C10: 14 pieces CHW lumbers/fltiches | D10: =1391.76/424 -> 3.2824528 | F10: 34793.25 | G10: CENRO compound | I10: Under administrative confiscation proceedings
A11: February 21, 2017/ So. Palabirit, Barangay Dungeg, Sta. Teresita, Cagayan | B11: No claimant | C11: 2 pcs. Narra flitches | D11: =106.75/424 -> 0.25176887 | F11: 17933 | G11: CENRO compound | H11: Bravo Company, 17th IB, 5ID, PA based at Sta. Teresita, Cag. | I11: Under administrative adjudication proceedings
C12: 6 pcs. CHW lumber/flitches | D12: =503.82/424 -> 1.1882547
A13: February 23, 2017/Mabuno, Gattaran, Cagayan | B13: No permit to transport (BVD-794) | C13: 89 pcs. CHW lumber | D13: =487.6/424 -> 1.15 | F13: 14628 | G13: CENRO compound | H13: PNP Gattaran, Cag. | I13: Criminal Case filed against the 4 apprehended persons docketed under NPS II-02a-INV-17C-00073. With Order of Finality received on Sept. 04, 2024
A14: February 26, 2017/Pina Este, Gattaran Cag. | B14: No claimant | C14: 20 pieces Gmelina lumbers | D14: =712.75/424 -> 1.6810142 | F14: 13829.5 | G14: CENRO compound | I14: Under administrative confiscation proceedings
A15: February 27, 2017/Punta, Aparri, Cag. | B15: No permit to transport (motorized banca) | C15: 117 pieces White Lauan lumbers | D15: =312.9/424 -> 0.7379717 | F15: 7822.5 | H15: Brgy. Punta, Aparri | I15: Apprehended persons are Melvin Quillapo-operator, Nelia Basilio-owner of boat; owner of lumber are Arsenio Rabina, Herman Quillapo and Junior Rabina. The apprehended boat was brought Punta, Aparri, Cag.
A16: February 27, 2017/Punta, Aparri, Cag. | B16: No claimant | C16: 24 pieces CHW lumbers | D16: =121.7/424 -> 0.2870283 | F16: 3651 | G16: CENRO compound | I16: Under administrative confiscation proceedings
A17: February 28, 2017/Sta. Clara, Gonzaga, Cag. | B17: No claimant | C17: CHW lumbers | D17: =360/424 -> 0.8490566 | I17: Under administrative confiscation proceedings
A18: March 9, 2017/ Bulala, Camalaniugan, Cag. | B18: Public Utility Vehicle Multicab BCK 997 | C18: 30 sacks charcoal | F18: 3000 | G18: CENRO compound | I18: Registered owner is Mr. Redencio E. Manio of Rizal St., Aparri, Cag., Simon I. Gomer - driver, Vilma Gomer-helper of Toran, Aparri, Cag.
A19: March 9, 2017/ Sta. Maria, Lal-lo, Cagayan | B19: Honda TMX w/ sidecar 4274-VM) | C19: 70 bundles firewood | F19: 490 | G19: CENRO compound | I19: The driver and the owner Mr. Melvin Gonzales
A20: March 9, 2017/ Mangaoan Point, Palaui Island, San Vicente, Sta. Ana, Cag. | B20: (1 chainsaw w/ serial No. 505141042) | H20: NBCO San Vicente, Sta. Ana/CDR Renato T. Ringor, PN | I20: A case was filed in court against Jose Aquiliano Cabingan
A21: March 10, 2017/ Bulala, Camalaniugan, Cag. | B21: No permit to transport (PUJ w/ Plate No. CKH 985) | C21: 50 sacks charcoal | F21: 5000 | G21: CENRO compound | I21: Rodolfo Valdez - driver, Rowena Rosario - owner
C22: 16 pcs. White Lauan lumber | D22: =64/424 -> 0.1509434 | F22: 1920
A23: March 10, 2017/ Joaquin dela Cruz, Camalaniugan, Cag. | B23: No permit to transport (Motorized banca) | C23: 29 pcs. Poles of CHW lumbers | D23: 0.44 | F23: 3694.8 | G23: CENRO compound | I23: Arthur Manuel-owner of the boat, Arvin Manuel
A24: March 10, 2017/ Minanga, Aparri, cag. | B24: No permit to transport (Kulong-kulong w/ Plate No. 6364 BW) | C24: 14 sacks charcoal | F24: 1400 | G24: CENRO compound | I24: Benjamin A. Delodado - driver
A25: March 10, 2017/ Bulala, Camalaniugan, Cag. | B25: No permit to transport (handtractor) D1800 | C25: 120 bundles firewood | F25: 14400 | G25: CENRO compound | I25: Confiscated in favor of the government dated September 2, 2020. Orderedf final and executory dated November 15, 2021
A26: March 12, 2017/ So. Dumasag, Sta. Ana, Cag. | B26: STHIL Chainsaw w/ SN 303061983 | G26: CENRO compound | I26: A case was filed in court against Rommel Inay
A27: March 12, 2017/Lubac, San Vicente, Sta. Ana, Cag. | B27: No claimant | C27: 53 pcs. CHW lumber | D27: =209.45/424 -> 0.49398585 | F27: 8857.25 | G27: CENRO compound | I27: Under administrative confiscation proceedings
C28: 14 pcs. Gmelina lumber | D28: =144.16/424 -> 0.34
A29: March 12, 2017/ So. Limbus, Rapuli, Sta. Aca, Cag. | B29: No claimant | C29: 169 pcs. White and Red Lauan lumber | D29: =1231/424 -> 2.9033019 | F29: 30825 | G29: CENRO compound | I29: Under administrative confiscation proceedings
A30: March 13, 2017/ Sta. Clara, Gonzaga, Cag. | B30: No claimant | C30: 26 pcs. Red Lauan, White Lauan and Barosingsing | D30: =712.67/424 -> 1.6808255 | F30: 17307 | G30: CENRO compound | I30: Under administrative confiscation proceedings
A31: March 13, 2017/ Sta. Cruz, Gonzaga, Cag. | B31: No claimant | C31: 8 pcs. Narra lumbers | D31: 0.73 | F31: 21700 | G31: PNP Head Quarter Gonzaga, Cag. PSI Edgar Manuel, Jr. | I31: Under administrative confiscation proceedings
A32: March 14, 2017/ Joaquin dela Cruz | B32: No claimant | C32: 4 pcs. CHW posts | D32: =394.32/424 -> 0.93 | F32: 5914.8 | G32: CENRO compound | I32: Under administrative confiscation proceedings
C33: 4 pcs. Tangising Bayawak | D33: =487.6/424 -> 1.15 | F33: 5851.2
A34: March 14, 2017/Rapuli, Sta. Ana, Cag. | B34: Kulong-KulongHatwa PMR150cc | C34: 15 pcs. White Lauan lumber | D34: 0.393 | F34: 4166.25 | G34: Barangay Captain Tito Candillario | I34: For resolution
A35: March 15, 2017/ Sta. Clara, Sta. Ana, Cagayan | B35: (Motorcycle Rusi motor w/o Plate No.) | C35: 6 pcs. Narra lumbers | D35: =28.7/424 -> 0.067688679 | F35: 2009 | G35: CENRO compound | I35: The driver and the owner of the f.p was identified as Franco Ladera of Patunungan, Sta. Ana, Cag. Criminal complaint was filed at Fiscals Office, Aparri, Cagayan
A36: March 15, 2017/ Dungeg, Sta. Ana, Cagayan | B36: Rusi motor w/o Plate No.) | C36: 29 pcs. CHW lumber | D36: =557/424 -> 1.3136792 | F36: 16710 | G36: CENRO compound | I36: Diosdado Barbara-driver. Criminal complaint was filed at Fiscals Office, Aparri, Cagayan
A37: March 16, 2017/ Sta. Clara, Sta. Ana, cag. | B37: Kulong-kulong no plate | C37: 14 pcs. Narra lumber | D37: =163/424 -> 0.38443396 | F37: 11445 | G37: CENRO compound | I37: The driver not yet identified
A38: March 16, 2017/ Sta. Clara, Sta. Ana, cag. | C38: 49 pcs. CHW, Narra & Kamagong lumber/flitches | D38: =950.48/424 -> 2.2416981 | F38: 44611.4 | G38: CENRO compound | H38: PNP Sta. Ana | I38: Under administrative adjudication proceedings
A39: March 18, 2017/ Macanaya, Aparri, Cag. | B39: van MB100D no plate | C39: 20 sacks charcoal | F39: 2000 | G39: CENRO compound | I39: With resolution received on 'July 24, 2024 promulgated on 'July 09, 2024 with Docket Number R2-ED-2024-0035 respondents Mr. Fernando Juan & Mr. Antonio Taloza
A40: March 19, 2017/ Dugo, Camalaniugan, Cag. | B40: Center Car Yamaha RS 110F Black with plate no. BC-25062 | C40: 49 bundles firewood | G40: CENRO compound | I40: The admin. Proceedings was conducted last March 30 and April 28, 2017. With Order of Finality received on Sept. 06, 2024.
A41: March 19, 2017/ Tucalana, Lal-lo, Cag. | B41: Euro 150cc tricy no Plate | C41: 8 sacks charcoal | F41: 800 | G41: CENRO compound | I41: For resolution
A42: March 19, 2017/ Tucalana, Lal-lo, Cag. | B42: kuliglig | C42: 21 sacks charcoal | F42: 2000 | G42: CENRO compound | I42: For resolution
A43: March 26, 2017/ Amunitan, Gonzaga, Cag. | B43: Nissan Urvan Van no plate | C43: 2 pcs. Narra table top | D43: 0.47 | F43: 16000 | G43: CENRO compound | I43: Criminal Case was filed against Jose Mari Urdas at the Provincial Prosecutors Office Aparri, Cag. On March 27, 2017 docketed under Criminal Case No. II-13707
A44: April 1, 2017/ Palawig, Sta. Ana, Cag. | B44: Rusi 125cc kulong-kulong no plate | C44: 3 pcs. Narra flitches | D44: 0.545 | F44: 16170 | G44: CENRO compound | I44: Criminal Case was filed against at the Provincial Prosecutors Office Aparri, Cag. On April 4, 2017 docketed under NPS II-02a-INV-170-00110
A45: April 4, 2017/ So. Nangaramoan, San Vicente, Sta. Ana, Cagayan | B45: No permit to cut (illegal occupation of Leopoldo Padilla) | C45: 11 pcs. CHW lumber | D45: =122.25/424 -> 0.28832547 | F45: 4833 | G45: Municipal Hall of Sta. Ana, Cag. | H45: LGU Sta. Ana, PNP and PNP Maritime | I45: Criminal case was filed at the Office of the Provincial Prosecutor Office, Aparri, Cag. Docketed under NPS-II-02a-INV-171-00300 on Sept. 25, 2017
C46: 2 pcs. Kamagong flitches | D46: =193.32/424 -> 0.4559434 | F46: 8557.5
A47: April 4, 2017/ So. Nangaramoan, San Vicente, Sta. Ana, Cagayan | B47: No permit to cut (illegal occupation of Teddy Umbay) | C47: 141 pcs. CHW lumbers | D47: =936.11/424 -> 2.2078066 | F47: 28402.75 | G47: Municipal Hall of Sta. Ana, Cag. | H47: LGU Sta. Ana, PNP and PNP Maritime | I47: Criminal case was filed at the Office of the Provincial Prosecutor Office, Aparri, Cag. Docketed under NPS-II-02a-INV-171-00298 on Sept. 25, 2017
C48: 5 pcs. Kamagong | D48: =186.62/424 -> 0.44014151 | F48: 13063
A49: April 4, 2017/ So. Nangaramoan, San Vicente, Sta. Ana, Cagayan | B49: No permit to cut (illegal occupation of Nenita Siatris) | C49: 20 CHW | D49: =171.15/424 -> 0.40365566 | F49: 4278.75 | G49: Municipal Hall of Sta. Ana, Cag. | H49: LGU Sta. Ana, PNP and PNP Maritime | I49: Criminal case was filed at the Office of the Provincial Prosecutor Office, Aparri, Cag. Docketed under NPS-II-02a-INV-171-00299 on Sept. 25, 2017
A51: April 12, 2017/ Caagaman, Aparri, Cag. | B51: No permit (Rosalinda Mata) | C51: 72 pcs. Pangot lumber | D51: 0.64 | F51: 8129.7 | G51: CENRO compound | I51: Under administrative adjudication proceedings
A52: April 29, 2017/ Centro, Sta. Ana, Cag. | B52: Rusi 150cc with kulong-kulong no plate | C52: 63 pcs. CHW lumber | D52: 0.703 | F52: =10600*D52 -> 7451.8 | G52: CENRO | I52: The respondents are Judynard Lucero (driver and owner of the conveyance
A53: April 29, 2017/ Centro, Sta. Ana, Cag. | B53: Euro 150 kulong-kulong no plate | C53: 48 pcs. CHW lumber | D53: 0.65 | F53: =10600*D53 -> 6890 | G53: CENRO | I53: The respondents are Jojo Battung (driver) and Harold Legaspi (owner of the conveyance)
A54: May 2, 2017/ Lucban, Abulug, Cagayan | B54: RHW-847 | C54: 65 pcs. CHW lumbers | D54: 3.86 | F54: 27828.32 | G54: CENRO compound | H54: CIDG based at Aparri | I54: Under administrative adjudication proceedings. Criminal complaint was filed by the CIDG at the Provincial Prosecutors Office, Ballesteros, Cag.
A55: May 21, 2017/ Peru, Lasam, Cag. | B55: Isuzu Elf TCI-390 | C55: 161 pcs. Tangile lumbers | D55: 6.469 | F55: 82294.5 | G55: CENRO compound | I55: Criminal Case was filed at the Provincial Prosecutors Office, Ballesteros, Cagayan on May 22, 2017 docketed under NPS II-02B-INQ-0046
A56: June 6, 2017/ So. Katiwayan, Rapuli, Sta. Ana, Cag. | B56: No claimant | C56: 11 pcs. CHW lumber | D56: 0.711 | F56: 7540 | G56: Barangay Hall Rapuli, Sta. Ana | I56: Under administrative adjudication proceedings
A57: June 6, 2017/ Casicallan Norte, Gattaran, Cag. | B57: No claimant | C57: 11 pcs. Narra lumber | D57: 0.26 | F57: 5553 | G57: CENRO compound | H57: PNP Gattaran, Cag. | I57: Under administrative adjudication proceedings
A58: June 25, 2017/ Rapuli, Sta. Ana, Cag. | B58: No claimant | C58: 29 pcs. Narra lumbers | D58: 0.27 | F58: 8190 | G58: CENRO compound | I58: Under administrative adjudication proceedings
A59: July 8, 2017/ Centro, Sta. Ana, Cag. | B59: Kulong-kulong nno plate | C59: 11 pcs. Narra lumber | D59: =97/424 -> 0.22877358 | F59: 6811.7 | G59: CENRO compound | I59: The identified registered owner was Rubilyn Nipay
A60: July 18, 2017/Sta. Clara, Sta. Ana, Cag. | C60: 92 pcs. Red Lauan lumbers | D60: =1442.2/424 -> 3.4014151 | F60: 36106 | G60: Sta. Ana Municipal Hall | I60: Under administrative adjudication proceedings
A61: July 19, 2017/ Naddungan, Gattaran, Cag. | B61: No claimant | C61: 6 pcs. Red Lauan flitches | D61: 0.96 | F61: =10600*D61 -> 10176 | G61: Barangay Hall of Naddungan, Gattaran, Cag. | I61: Under administrative adjudication proceedings
A62: July 22, 2017/ Centro Sta. Ana, Cag. | B62: Kulong-kulong black RUSI 125 no plate | C62: 13 PCS. Red Lauan lumbers | D62: =236/424 -> 0.55660377 | F62: 5900 | G62: CENRO compound | I62: For resolution
A63: July 22, 2017/ Centro Sta. Ana, Cag. | B63: Kulong-kulong red RUSI 125 no plate | C63: 10 pcs. Red Lauan lumbers | D63: =171.99/424 -> 0.40563679 | F63: 4299.75 | G63: CENRO compound | I63: For resolution
A64: July 25, 2017/Magapit, Lal-lo, Cagayan | B64: No permit to transport Kulong-kulong black (SUNRISER 125) | C64: 23 PCS. Red Lauan lumber | D64: =261/424 -> 0.61556604 | F64: 6525 | G64: CENRO compound | I64: For resolution
A65: July 30, 2017/ San Vicente, Sta. Cag. | B65: No permit to transport (Motorcycle Rusi 125, Red w/ kulong-kulong) | C65: 6 pcs. Red lLauan lumbers | D65: 0.15 | F65: 1600 | G65: CENRO compound | I65: For resolution
A66: July 30, 2017/ Rapuli, Sta. Ana, Cag. | B66: No permit to transport (Motorcycle SR 125, w/ kulong-kulong) | C66: 12 pcs. White Lauan lumbers | D66: 0.28 | F66: 3004 | G66: CENRO compound | I66: The respondents are Renato Agag and Rodnie Agag
A67: August 9, 2017/ Centro East, Gattaran, Cagayan | B67: No claimant | C67: 28 pcs. Antipolo lumber/ flitches | D67: =546.86/424 -> 1.2897642 | F67: =10600*D67 -> 13671.5 | G67: CENRO compound | I67: The alleged owner was Carlito Molina
A68: August 27, 2017/ Agnawan, Mabuno, Gattaran, Cag. | B68: No claimant | C68: 11 pcs. Red Lauan lumbers/Dao flitches | D68: 1.03 | F68: 11022 | G68: CENRO compound | I68: Under administrative adjudication proceedings
A69: September 6, 2017/ So. Balgung, Nassiping, Gattaran, Cag. | B69: No claimant | C69: 7 pcs. Gmelina post | D69: 1.13 | F69: 9582.4 | G69: So. Balgung, Nassiping/ Kag. Pablito Valencia
A70: September 7, 2017/ Paruddon Norte, Aparri, Cagayan | B70: No permit (Mario Pigao) | C70: 53 pcs. Red Lauan lumbers | D70: =1044.25/424 -> 2.4628538 | F70: 26106.25 | G70: CENRO compound | I70: Under administrative adjudication proceedings
A71: September 7, 2017/ Sta. Cruz, Gonzaga, Cag. | B71: No claimant | C71: 52 pcs. Almaciga lumbers | D71: =438.65/424 -> 1.0345519 | F71: 32898.75 | G71: CENRO compound | I71: Under administrative adjudication proceedings
A72: October 7, 2017/ Brgy. Marede, Sta. Ana, Cag. | B72: No permit | C72: 45 pcs. Kamagong & 1 Narra flitches | D72: =2005.13/424 -> 4.7290802 | F72: 100256.5 | G72: CENRO compound | H72: PNP Sta. Ana | I72: The admin proceedings was conducted last June 9, 2017. A case was filed at the PPO Aparri docketed under NPS II-02a-INV-16K-00345
A73: October 20, 2017/ Kapanikian, Sta. Ana, Cag. | B73: No claimant | C73: 300 pcs. Red Lauan lumbers | D73: =1800/424 -> 4.245283 | F73: 45000 | G73: CENRO compound | H73: PNP Sta. Ana | I73: Under administrative adjudication proceedings
A74: October 26, 2017/ Diora-Zinungan, Sta. Ana, Cagayan | B74: The driver escaped during the chasing operation (Motorcycle TMX 155, Red, with kulong-kulong) | C74: 11 pcs. Red Lauan lumbers | D74: 0.47 | F74: 5000 | G74: CENRO compound | I74: For resolution
A75: October 26, 2017/ Diora-Zinungan, Sta. Ana, Cagayan | B75: The driver escaped during the chasing operation (Rusi 125 Motorcycle with kulong-kulong) | C75: 11 pcs. Red Lauan lumber | D75: 0.548 | F75: 5800 | G75: CENRO compound | I75: For resolution
A76: October 26, 2017/ Diora-Zinungan, Sta. Ana, Cagayan | B76: The driver escaped during the chasing operation (Euro 150 Motorcycle with kulong-kulong | C76: 8 pcs. Red Lauan lumber | D76: 0.41 | F76: 4350 | G76: CENRO compound | I76: For resolution
A77: October 27, 2017/ Cabiraoan, Gonzaga, Cag. | B77: No claimant | C77: 8 pcs. Red Lauan flitches | D77: =868.5/424 -> 2.0483491 | F77: 17370 | G77: CENRO compound | I77: The admin proceeding was conducted on November 16, 2017. Order of FINALITY dated November 4, 2020
A78: October 31, 2017/ Bicud, Lal-lo, Cagayan | B78: No permit to cut (2 STIHL chainsaw) | C78: 19 pcs. Antipolo lumber/flitches | D78: 1.817 | F78: 10825 | G78: CENRO compound | I78: An inquest case was filed against the 3 accused docketed under NPS-II-02a-INQ-17K-00248 at the Office of the Provincial Prosecutors Office Aparri, Cagayan on November 1, 2017
A79: SUB-TOTAL | D79: =SUM(D8:D78) -> 73.213854 | F79: =SUM(F8:F78) -> 900102.91
A80: CENRO TUGUEGARAO
A81: February 2, 2017/ Barangay Manga, Peñablanca, Cag. | B81: No claimant | C81: 37 pcs. CHW lumber | D81: =400/424 -> 0.94339623 | F81: 12000 | G81: Barangay Hall in Manga, Peñablanca, Cag. | I81: Confiscated in favor of the government per order dated April 25, 2017. Order of FINALITY dated October 21, 2020
A82: February 25, 2017/ Pataguelueg, Peñablanca, Cagayan | B82: No permit to transport (TBL-647) | C82: 82 pcs. CHW lumber | D82: =318/424 -> 0.75 | F82: 11100 | G82: PENRO Sub-Office compound | I82: The administrative hearing was conducted last March 13 and 22, 2017. Both forest products and conveyance were ordered confiscated in favor of the government per order dated July 17, 2017
A83: March 3, 2017/ Manga, Peñablanca, Cag. | D83: =162/424 -> 0.38207547 | F83: 3240 | G83: PENRO Sub-Office compound | I83: The admin proceedings was conducted last March 23, 2017. ORDER OF FINALITY dated October 14, 2020
A84: March 6, 2017/ Carig, Sur, Tuguegarao City | C84: 42 pcs. CHW lumber | D84: =218/424 -> 0.51415094 | F84: 8720 | G84: PENRO Sub-Office compound | I84: The admin proceedings was conducted last March 21, 2017. ORDER OF FIBNALITY dated October 15, 2020
A85: July 4, 2017/Baliuag, Peñablanca, Cag. | B85: No claimant | C85: 19 pcs. CHW flitches | D85: =964/424 -> 2.2735849 | F85: 48558.8 | G85: PENRO Sub-Office compound | I85: Confiscated in favor of the government dated July 6, 2018. Order of FINALITY dated November 4, 2020
A86: July 19, 2017/ Sisim, Peñablanca, Cag. | B86: No permit to transport (XAT-193) | C86: 61 pcs. CHW lumber | D86: =522/424 -> 1.2311321 | F86: 19040 | G86: PENRO Sub-Office compound | I86: The admin. Proceedings was conducted last July 26, 2017. Confiscated in favor of the government dated July 30, 2019. The motion of reconsideration was ordered denied
A87: July 25, 2017/ San Roque, Peñablanca, Cagayan | B87: No permit to transport (BCG-909) | C87: 5 PCS. Gmelina lumbers | D87: =167/424 -> 0.39386792 | F87: 5010 | G87: PENRO Sub-Office compound | I87: Ordered final and excutory dated February 1, 2021 | J87: Notice of Issuance of Resolution with case no. R2-F-134 dated February 10, 2026
B88: No permit to transport (RAB-175) | C88: 35 pcs. CHW lumbers | D88: 0.578 | F88: 9800 | G88: PENRO Sub-Office compound
A89: 42941 | C89: 5 pcs. Gmelina flitches | E89: 167 | I89: Notice of Finality received on July 7, 2026 with docket number R2-F-1342 promulgated on February 9, 2026
A90: August 9, 2017/ Baliuag, Peñablanca, Cag. | B90: No claimant | C90: 40 pcs. CHW flitches/lumbers | D90: =680/424 -> 1.6037736 | F90: 27200 | G90: PENRO Sub-Office compound | I90: CONFISCATION ORDER dated January 13, 2020. Order of finality on the issued order on July 6, 2018. Date received on January 8, 2025 and Docket no.R2-F-1401
A91: November 17, 2017/ Carig Norte, Tuguegarao City | B91: No claimant | C91: 72 pcs. CHW lumbers | D91: =362/424 -> 0.85377358 | F91: 12693 | G91: PENRO Sub-Office compound | I91: ORDER OF FINALITY dated October 15, 2020
A92: November 26, 2017/ Centro, Tuguegarao City | B92: No permit to transport (Van) | C92: CHW lumbers | D92: 0.342 | F92: 12693 | G92: PENRO Sub-Office compound | H92: PNP Tuguegarao | I92: Confiscated in favor of the government dated November 26, 2019. Ordered final and executory dated January 6, 2021
A93: SUB-TOTAL | D93: =SUM(D81:D92) -> 9.8657547 | F93: =SUM(F81:F92) -> 170054.8
A94: CENRO SOLANA
A95: January 19, 2017/ Taccuelan Uneg, Sto. Niño, Cag. | B95: No claimant | C95: 18 pcs. Red Lauan flitches | D95: 4.478 | F95: 75956 | G95: CENRO Solana compound/For. Andres Guiquing | H95: Philippine Army | I95: OREDER OF FINALITY dated October 13, 2020
A96: February 3, 2017/Pata, Tuao, Cagayan | B96: No permit to transport (T-BBS-307) | C96: Gmelina flitches/logs | D96: 4.167 | F96: 28272 | G96: CENRO compound | H96: PNP Rizal, Cagayan | I96: The admin. Confiscation proceedings was conducted last April 20, 2017. Criminal Case was filed docketed under NPS No. II-02T-INQ-178-00006. 1.24 cu.m. donated to PNP Camp at Mauanan, Rizal, Cag. And the 3.214 cu.m. was utilize in the repaire & rehabilitation of main building of PENR Office. Ordered final and executory dated October 26, 2020
B97: No permit to transport (Jeep No plate number)
A98: June 17, 2017/ Mauanan, Rizal, Cag. | B98: Isuzu Elf RHD 432 | C98: 19 pcs. Gemlina flitches | D98: 2.16 | F98: 27599 | G98: CENRO Solana compound/For. Andres Guiquing | H98: DENR Personnel & PNP Rizal, Cag. | I98: Admin confiscation proceeding was conducted thru position paper dated Sept. 4, 2017 and Motion for Release Motor Vehicle dated Sept. 4, 2017.
A99: June 25, 2017/ | B99: No permit to transport (WCK-803) | C99: 24 pcs. Gmelina lumbers | D99: =464.28/424 -> 1.095 | F99: 13928.4 | G99: CENRO compound | H99: PNP Solana | I99: Confiscated in favor of the government dated June 2, 2020. With Order of Finality received on Sept. 16, 2024
A100: September 1, 2017/ | B100: No permit to cut | C100: 6 pcs. Gmelina flitches | D100: 0.479 | F100: 6099 | G100: CENRO compound | H100: BLGU Bulagao, Tuao, Cag. | I100: The admin proceeding was conducted last October 13, 2017. Confiscated in favor of the government dated July 6, 2018. Ordered final and executory dated November 9, 2020. Order of Finality received on Jan. 08, 2025 promulgated on July 18, 2018 with Docket No. R2-F-1286
A101: SUB-TOTAL | D101: =SUM(D95:D100) -> 12.379 | F101: =SUM(F95:F100) -> 151854.4
A102: CENRO ALCALA
...

Sheet 2018
A1: CONSOLIDATED APPREHENDED, SEIZED AND CONFISCATED FOREST PRODUCTS
A2: PROVINCE OF CAGAYAN
A3: CALENDAR YEAR 2018
A4: Date & Place of apprehension/ seizure & confiscation | B4: Circumstances of apprehension/ seizure & confiscation (e.g. no permit, or accompanying documents, etc.) | C4: Description of Forest Products | G4: Place Stockpiled and Custodian with complete address | H4: Other agencies involved in the apprehension/ seizure & confiscation (Names of personnel, LGUs, etc.) | I4: Other remarks (condition, status of criminal complaint if any, etc.)
C5: Quantity (# of pcs.) and form (lumber, logs, flitches, split/unsplit rattan, etc.) | D5: VOLUME (CU.M.) | E5: VOLUME (bd.ft.) | F5: Estimated Market Value (PhP)
A6: CENRO APARRI
A7: January 9, 2018/ So. Nangaramoan, San Vicente, Sta. Ana, Cag. | B7: No permit (Jojo Fabro) | C7: 36 pcs. Palosapis and Red Lauan lumber | D7: 0.91 | F7: 9597.5 | G7: CENRO Compound | I7: Under admin. Confiscation proceedings
A8: January 17, 2018/ San Mariano, Lal-lo, Cag. | B8: No claimant | C8: 10 pcs. Palosapis and Red Lauan lumber | D8: 0.17 | F8: 1800 | G8: CENRO Compound | I8: Under admin. Confiscation proceedings
A9: January 19, 2018/ So. Limbus, Rapuli, Sta. Ana, Cag. | B9: Kulong-kulong no plate | C9: 8 pcs. White and Red Lauan lumbers | D9: 0.36 | F9: 3825 | G9: CENRO Compound | I9: For resolution
A10: January 21, 2018/Smart, Gonzaga, Cag. | B10: Isuzu Elf Van w/ temporary Plate No. 138005) | C10: 46 pcs. Narra flitches and Kamagong lumbers and 1 kamagong sala set | D10: 2.72 | F10: 42995.2 | G10: CENRO Compound | H10: PNP Gonzaga and Barangay Officials of Smart, Gonzaga, Cag. | I10: The admin proceedings was conducted last February 13 & 15, 2018. A crminal Case was filed on February 6, 2018 at PPO Aparri, Cag docketed under NPS-II-02a-INV-18A-00030. The forest products was ordered confiscated in favor of the government while the conveyance was ordered release per order dated October 29, 2018
A11: January 22, 2018/ within the cmpd of Pattao Elementary School, Pattao, Buguey, cag. | B11: No permit | C11: 17 pcs. Red Lauan lumber | D11: 0.16 | F11: 1700 | G11: LGU Buguey/MENRO May Jocelyn Joan S. Lee | H11: MENRO Buguey | I11: Case was filed against Arnel Andres & Ariston Molina for violation of PD 705 at the PPO Aparri on Jan. 29, 2018 under NPS Docket No. II-02a-INV-18A-0002
A12: January 25, 2018/ So. Cruzadan, San Mariano, Lal-lo, Cag. | B12: No claimant | C12: 13 pcs. Red Lauan flitches | D12: 1.7 | F12: 18000 | G12: CENRO Compound | H12: Phil. Army | I12: Under admin. Confiscation proceedings
A13: January 27, 2018/ Dungeg, Sta. Teresita, Cag. | B13: No permit to transport 1 unit table saw w/ engine WD 11-diesel-engine) | C13: 25 pcs. Red Lauan lumber, and 9 pcs. Red Lauan flitches | D13: 2.9 | F13: =4440+21068 -> 25508 | G13: CENRO Compound | I13: The identified owner of the f.p are Narding Tactac and Romnic Ocampo while the owner of the table saw is Dante Bañez. Under admin confiscation proceedings
A14: January 31, 2018/Diora-Zinungan, Sta. Ana, Cagayan | B14: No claimant | C14: 1 pc. Narra table top | D14: 0.12 | F14: 2626 | G14: CENRO Compound | I14: Under admin. Confiscation proceedings
A15: February 5, 2018/ Capissayan Sur, Gattaran, Cag. | B15: No claimant | C15: 8 pcs. Gmelina flitches | D15: 1.19 | F15: 12562.5 | G15: CENRO Compound | I15: 7 pcs. With a volume of 436.5 bd.ft. were donated to Camalaniugan National High School
A16: February 14, 2018/Bagsang, Sta. Clara, Gonzaga, Cag. | B16: No permit (1 unit chainsaw) | G16: CENRO Compound | I16: The owner is Ruben Gamboa
A17: February 17, 2018/ Guiddam, Abulug, Cag. | B17: Isuzu Forward TKF-963) | C17: 203 pcs. CHW lumbers | D17: 9.99 | G17: CENRO Compound | H17: PNP-CIDG, RO2 | I17: A criminal complaint was filed by CIDG at the DOJ PPO, Ballesteros, Cagayan docketed under NPS No. II-02B-INQ-018B-005. The admin proceeding was conducted last February 27, 2018. The accussed Bennie Torres, Frendy Marina, Noel Torres, Marlon Rivera, and Marino Ursua were sentenced to 4 months and 1 day or aresto mayor as minimum to 2 years, 4 months and 1 day prison correctional as maximum and the confiscated items were ordered forfeited per DECISSION dated May 8, 2018 issued by Executive Judge Francisco Donato, RTC Branch 33, Ballesteros, Cag. The 87 pcs. Red Lauan lumber with a volume of 1,983.4 bd.ft. were transferred to PENRO Cagayan thru PENRO rep. Vicente Tuliao on June 8, 2018. With Order of Finality received on Sept. 06, 2024. | J17: Promulgated on April 17, 2024 with Docket No. R2-ED-2024-00117 received on June 20, 2024
A18: February 17, 2018/ Sirrit, Abulug, Cag. | B18: No permit to transport (Isuzu Dump Trucl w/ Plate No. WKN-571) | C18: 133 pcs. CHW lumbers | D18: =3760.47/424 -> 8.869033 | F18: 112814 | G18: CENRO Aparri Compound | H18: PNP-CIDG | I18: A criminal case was filed against the offenders on Feb. 19, 2018 at PPO Ballesteros, Cag docketed under NPS II-02B-INQ-018B-004. The admin proceeding was conducted last February 27, 2018. The accused Jefrey Andres, Roderick Aurina & Jr. C. Carpo was sentenced to 4 months and 1 day or aresto mayor as minimum to 2 years, 4 months and 1 day prison correctional as maximum and the confiscated items were ordered forfeited per DECISSION dated May 8, 2018 issued by Executive Judge Francisco Donato, RTC Branch 33, Ballesteros, Cag. The volume of 3,760.47 bd.ft. was approved for utilization of CENRO concerned by the then RED Aromin. With Order of Finality received on Sept. 06, 2024.
A19: March 8, 2018/ Turkia, Gonzaga, cag. | B19: (Eur motorcycle w/ sidecar) | C19: 14 pcs. White Lauan lumbers | D19: =168/424 -> 0.39622642 | F19: 5040 | G19: CENRO Aparri Compound | H19: PNP-CIDG | I19: A case was filed against PNP CIDG Aparri against Justino Espiritu at PPO Aparri on March 8, 2018 under NPS Docket No. II-02a-INQ-18C-00024
A20: March 10, 2018/Golden Valley, San Mariano, Lal-lo, Cag. | B20: No permit (Noel Tiansan & Imelda Gamilla | C20: 256 pcs. Poles/posts | D20: =4324.8/424 -> 10.2 | F20: 3060 | G20: CENRO Aparri Compound | I20: Under admin. Confiscation proceedings
A21: March 12, 2018/ Sta. Clara, Sta. Ana, Cag. | B21: No claimant | C21: 5 pcs. Kamagong | D21: =176/424 -> 0.41509434 | F21: 8800 | G21: CENRO Aparri Compound | I21: Under admin. Confiscation proceedings
C22: 22 pcs. Narra flitches | D22: =742.6/424 -> 1.7514151 | F22: 37130 | G22: CENRO Aparri Compound
C23: 12 pcs. Red Lauan lumber | D23: =206/424 -> 0.48584906 | F23: 5100 | G23: CENRO Aparri Compound
A24: March 16, 2018/Nabaccayan, Gattaran, Cag. | B24: Isuzu Elf WJB-407 | C24: 282 pcs. Dao, Mayapis, Red Lauan and Narra lumber | D24: =2614.3/424 -> 6.1658019 | F24: 67467.5 | G24: CENRO Aparri Compound | H24: PNP Gattaran | I24: A case was filed by PNP Gattaran against Roy Bitanga and Rowel Bagaoisan at PPO aparri on March 17, 2018 under NPS Docket No. II-02a-INQ-18C-00027
A25: March 19, 2018/ Pateng Gonzaga, cag. | B25: Honda TMX 155 kulong-kulong no plate | C25: 1 pcs. Tanguile & 6 pcs. Narra lumber | D25: =74.73/424 -> 0.17625 | F25: 2899.2 | G25: CENRO Aparri Compound | I25: The driver was not identified since he was escaped during the operation
A26: March 22, 2018/ Tallungan, Aparri, Cag. | B26: (kuliglig w/ trailer) | C26: 30 pcs. Red Lauan lumber | D26: =122.64/424 -> 0.28924528 | F26: 3679.2 | G26: Brgy. Tallungan, Parri under the custody of Barangay Captain | I26: The identified driver and owner of the kuliglig is Bo Delelis, and the helper is Jobert Alariao
A27: March 23, 2018/ Cabatacan West, Lasam, Cag. | B27: No claimant | C27: 28 pcs. Miscellaneous lumber | D27: =327.75/424 -> 0.77299528 | F27: 6555 | G27: Brgy. Hall, Cabatacan West, Lasam, cag./ Brgy. Captain Xerxes Almazan | I27: Under admin proceedings
A28: March 23, 2018/ Centro Buguey, Cagayan | B28: Hand Tractor, color red | C28: 162 pcs. CHW lumbers | D28: =302.94/424 -> 0.71448113 | F28: 8179 | G28: CENRO Aparri Compound | H28: PNP Buguey | I28: A criminal case was filed by PNP Buguey at PPO Aparri docketed under NPS No. II-02a-INQ-00029. Confiscated in favor of the government dated Dec. 14, 2018. With Order of Finality received on Sept. 16, 2024
A29: March 28, 2018/ Gonzaga, Cagayan | B29: No permit to transport (1 kulong-kulong) | G29: CENRO Aparri Compound | I29: Confiscated in favor of the government dated December 14, 2018
A30: March 30, 2018/ | B30: Ford Fiera Type Jeepney no plate and 1 chainsaw) | C30: 3 chairs, 6 seaters dining set | G30: CENRO Aparri Compound | I30: For resolution
A31: April 17, 2018/ Sta. Clara, Sta. Ana, Cag. | B31: No claimant | C31: 10 pcs. Narra flitches | D31: =465.7/424 -> 1.0983491 | F31: 23285 | G31: Naval Base Camilo Osias, San Vicente, Sta. Ana, Cag. | H31: Phil Navy | I31: Under admin. Adjudication proceedings
C32: 1 pc. Narra lumber | D32: =9.3/424 -> 0.021933962 | F32: 558
C33: 25 pcs. CHW lumber | D33: =320.01/424 -> 0.75474057 | F33: 9627
A34: May 8, 2018/ Diora Zinungan, Sta. Ana, Cagayan | B34: chainsaw | I34: The identified owner is Mario Targat. Under admin confiscation proceedings
A35: May 12, 2018/ Gaddang, Aparri, Cagayan | B35: Isuzu Aluminum Van WTA 870) | C35: 25 pcs. Assorted sizes white Lauan lumbers | D35: =203/424 -> 0.47877358 | F35: 6090 | G35: CENRO Aparri Compound | H35: PNP-CIDG | I35: The admin proceeding was conducted last July 11, 2018. A criminal case was filed against Bonifacio Calandoy (lumber owenr) and Jerwin Marinmin (driver) at PPO Aparri, Cagayan docketed under NPS-II-02a-INQ-18E-00065. The accussed pleaded guilty for alower offense & were sentenced to suffer an imprisonment from 2 months as minimum to 2 years and 4 months as 1,000.00 each. And, the apprehended contraband was ordered forfeited in favor of the government per Order dated May 23, 2018 issued by Presiding Judge Conrado Tabaco, RTC Branch 9, Aparri, Cag. Confiscated in favor of the government dated August 29, 2019
A36: May 14, 2018/ So. Dakkel Danum, Minabel, Camiguin Island, Cag. | B36: No permit | C36: 1 pcsc. Narra lflitches | D36: =76/424 -> 0.17924528 | F36: 50000 | G36: CENRO Aparri Compound | H36: PNP Maritime Group, Regional Maritime Unit based at Minanga, Aparri, Cag. | I36: A case was filed at Ppo Aparri, Cag. By the PNP Maritime Group against the accused Pedrito Peralta on May 17, 2018 under NPS Docket No. II-02a-INV-18E-00121
A37: May 15, 2018/Bicud, Lal-lo, Cag. | B37: Nissan Caravan Van BDA-521) | C37: 19 pcs. Narra lumber | D37: =227.28/424 -> 0.53603774 | F37: 13636 | G37: CENRO Aparri Compound | H37: PNP Lal-lo | I37: A case was filed against Rey Virgilio Bagoyo, Rolly Cabael and David Cabael, Sr. on May 16, 2018 at PPO Aparri under NPS Docket No. II-02a-INQ-18E-0016. The accussed Rey Virgilio Bagoyo and Rolly Cabael guilty beyond reasonable doubt for violation of Section 78 of PD 705 and the forest products and the conveyance were confiscated in favor of the government per Order dated May 23, 2018 issued by Judge Conrado Tabaco, RTC Branch 9, Aparri, Cag.
A38: May 23, 2018/ Paruddun Norte, Aparri, Cag. | B38: uro kulong-kulongno plate | C38: 22 pcs. Rimas lumber | D38: =96.3/424 -> 0.22712264 | F38: 2407 | G38: CENRO Aparri Compound | H38: PNP Aparri | I38: A case was filed against Richard Areola and Jaymar Pablo for violation of PZD 705 at PPO Aparri on May 23, 2018 docketed under Criminal Case No. II-14201. Turned-over to CENRO on May 23, 2018
A39: May 23, 2018/ Paruddun Norte, Aparri, Cagayan | B39: Honda TMX 155 kulong-kulong no plate | C39: 22 pcs. Lumber | D39: =102.6/424 -> 0.24198113 | F39: 2565 | G39: CENRO Aparri Compound | H39: PNP Aparri | I39: A case was filed by PNP Aparri Police Station against the accussed Bonifacio Areola and John Doe for violation of PD 705 at PPO Aparri on May 23, 2018 docketed under Criminal Cae No. II-14202. Truned-over to CENRO ON May 23, 2018
A40: May 24, 2018/ Peru, Lasam, Cag. | B40: No claimant | C40: 4 pcs. Gmelina flitches | D40: 1.027 | F40: 10888.75 | G40: CENRO Aparri Compound | H40: 17th IB, Philippine Army | I40: Under administrative confiscation proceedings
A41: May 25, 2018/ Sta. Maria, Lal-lo, Cagayan | B41: Euro Motorcycle kulong-kulong no plate | C41: 65 pcs. White Lauan lumber | D41: =270/424 -> 0.63679245 | F41: 6750 | G41: CENRO Aparri Compound | I41: Under administrative confiscation proceedings. The identified driver is Dennis Villanueva
A42: June 5, 2018/ Bangan, Sanchez Mira, Cag. | B42: Isuzu Elf UDD-684 | C42: 70 pcs. Red Lauan lumber | D42: =1658.17/424 -> 3.9107783 | F42: 41454.25 | G42: CENRO Aparri Compound | H42: PNP CIDG based at Aparri, Cag. | I42: For resolution
A43: June 7, 2018/ Capissayan Norte, Gattaran, Cag. | B43: (Rusi 150 kulong-kulong no plate | C43: 2 pcs. Narra flitches | D43: =153/424 -> 0.36084906 | F43: 7650 | G43: CENRO Aparri Compound | H43: PO1 Jerome Tungpalan, 203rd MC, RMFB2 | I43: Under admin confiscation proceedings. The identified individuals is Justin Salvador
A44: June 16, 2018/ Labben, Allacapan, Cagayan | B44: (1Isuzu Mini Elf Van w/ Plate No. 030103) | C44: 30 pcs. Red Lauan lumbers | D44: =655/424 -> 1.5448113 | F44: 22925 | G44: CENRO Aparri Compound | H44: PNP Allacapan | I44: The admin proceeding was conducted last July 10, 2018. A case agianst Antonio Ulita (driver) and Rommel Gutiarez (owner of f.p) was filed by PNP at PPO Ballesteros, Cagayan on June 18, 2018 docketed under NPS II-02B-INQ-18F-0023. Confiscated in favor of the government dated June 11, 2019. Confiscated in favor of the government dated August 22, 2019. The motion for Reconsideration filed by the respondent was denied for lack of merit
A45: June 25, 2018/ Katiwayan, Rapuli, Sta. Ana, Cagayan | B45: No claimant | C45: 35 pcs. Red Lauan lumbers | D45: 0.856 | F45: 9075 | G45: CENRO Aparri Compound | I45: Under administrative confiscation proceedings
A46: June 26, 2018/Katiwayan, Rapuli, Sta. Ana, Cagayan | B46: No claimant | C46: 1 pc. Narra flitches | D46: =84/424 -> 0.19811321 | F46: 4200 | G46: CENRO Aparri Compound | I46: Under administrative confiscation proceedings
C47: 8 pcs. Red Lauan flitches | D47: =668.66/424 -> 1.5770283 | F47: 16716.5
A48: June 27, 2018/ So. Mammit, San Mariano, Lal-lo, Cagayan | B48: No permit | C48: 22 pieces Red Lauan lumbers | D48: =463/424 -> 1.0919811 | F48: 9610 | G48: CENRO Aparri Compound | I48: The identified owner is a certain Rey Basitao. Under administrative confiscation proceedings
A49: July 3, 2018/ Dalayap, Allacapan, Cagayan | B49: No claimant | C49: 145 pcs. CHW flitches/ lbr. | D49: 2.195 | F49: 23280 | G49: CENRO Aparri Compound | I49: Under administrative confiscation proceedings
A50: July 14, 2018/ Binag, Lal-lo, Cagayan | B50: No claimant | C50: 7 pcs. Gmelina flit | D50: =668.66/424 -> 1.5770283 | F50: 12950 | G50: CENRO Aparri Compound | I50: Under administrative confiscation proceedings
C51: 3 pcs. WLauan flit | D51: =84/424 -> 0.19811321 | F51: 3500
A52: July 18, 2018/ Sta. Clara, Sta. Ana, Cag. | B52: No claimant | C52: 92 pcs. CHW lbr | D52: =1447.2/424 -> 3.4132075 | F52: 36180 | G52: Mun. Hall of Sta. Ana, Cag./ MENRO Obiano | H52: PNP Sta. Ana | I52: Under administrative confiscation proceedings
A53: July 29, 2018. Isca Gonzaga, Cag. | B53: Nissan Vannette van blue TKB-534 | C53: 22 pcs. Red Lauan lumber | D53: =484/424 -> 1.1415094 | F53: 13552 | H53: PNP 2nd MFP, Prov. Mobile Force Coy, Casambalangan, Sta. Ana, Cag. | I53: The identified inviduals were Raymundo Capili, Roniel Sapla, Mark Lionel Puyaoan
A54: August 3, 2018/So. Rissik, Mabuno, Gat., Cag | B54: No claimant | C54: 86 pcs. W Lauan Lbr. | D54: =1181.12/424 -> 2.7856604 | F54: 49213.33 | G54: CENRO Aparri Compound | I54: Under administrative confiscation proceedings
A55: August 5, 2018/ Sta. Maria, Gonzaga, Cagayan | B55: No claimant | C55: 10 pcs. R Lauan lbr. | D55: 0.43 | F55: =(F53/D53)*D55 -> 5104.96 | G55: Barangay Hall, Sta. Maria, Gonzaga, Cag. | I55: Under administrative confiscation proceedings
A56: August 6, 2018/ Cabiraoan, Gonzaga, Cag. | B56: chainsaw | C56: 27 pcs. CHW lumbers | D56: =217/424 -> 0.51179245 | F56: 6076 | G56: CENRO Aparri Compound | I56: A criminal case was filed at PPO Aparri docketed under NPS No. II-02a-INQ-12H-00160
A57: August 8, 2018/ Cabiraoan, Gonzaga, Cagayan | B57: No claimant | C57: 49 pcs. Red Lauan lumbers | D57: 1.56 | F57: 18633.16 | G57: PNP Gonzaga | H57: PNP Gonzaga | I57: Under administrative confiscation proceedings
A58: August 18, 2018/Tapel, Gonzaga, Cag. | B58: Euro 155 kulong-kulong no plate | C58: 20 pieces Red Lauan lumber | D58: =186/424 -> 0.43867925 | F58: 5208 | G58: CENRO Aparri Compound | H58: PNP Gonzaga | I58: A criminal case was filed against the respondents at PPO Aparri docketed under NPS No. II-02a-INQ-18H-0172. The admin proceeding was conducted on November 13, 2018. The court finds the accussed Mr. Severiano Ibia, Jr. guilty beyond reasonable doubt and was sentenced to suffer an imrpisonment from 2 months arresto de mayor as minimum and 2 years and 4 months of prison correcional as maximum and pay a fine of 1,000.00. The conveyance including its loads was ordered forfeited in favor of the government dated August 31, 2018 issued by Presiding Judge Conrado Tabaco, RTC Branch 9, Aparri, Cag.
A59: August 18, 2019/Tapel, Gonzaga, Cag. | B59: honda TMX 155 kulong-kulong no plate | C59: 11 pcs. Red Lauan lumber | D59: =154/424 -> 0.36320755 | F59: 4312 | G59: CENRO Aparri Compound | H59: PNP Gonzaga | I59: A criminal case was filed against the respondents at PPO Aparri docketed under NPS No. II-02a-INQ-18H-0172. The admin proceeding was conducted on November 13, 2018. The court finds the accussed Mr. Mario Ibia guilty beyond reasonable doubt and was sentenced to suffer a straight penalty of six (6) months of imprisonment and pay a fine of 1,000.00. The conveyance including its loads was ordered forfeited in favor of the government dated August 31, 2018 issued by Presiding Judge Conrado Tabaco, RTC Branch 9, Aparri, Cag.
A60: August 18, 2019/Tapel, Gonzaga, Cag. | B60: honda TMX 155 kulong-kulong no plate | C60: 8 pcs. Red Lauan lumber | D60: =160/424 -> 0.37735849 | F60: 4480 | G60: CENRO Aparri Compound | H60: PNP Gonzaga | I60: A criminal case was filed against the respondents at PPO Aparri docketed under NPS No. II-02a-INQ-18H-0172. The admin proceeding was conducted on November 13, 2018. The court finds the accussed Mr. Marvin Jose guilty beyond reasonable doubt and was sentenced to suffer six months imrpisonment and pay a fine of 1,000.00. The conveyance including its loads was ordered forfeited in favor of the government dated August 31, 2018 issued by Presiding Judge Conrado Tabaco, RTC Branch 9, Aparri, Cag.
A61: August 24, 2018/ Nabaccayan, Gattaran, Cagayan | B61: No permit/transport documents (1 kuliglig) | C61: 61 pcs. Red Lauan lumbers/ flitches | D61: =463/424 -> 1.0919811 | F61: 15330 | G61: PNP Gattaran, Cagayan/ PSI Elymar Collado | H61: PNP Gattaran & RMFB2, 203RD | I61: Under administrative confiscation proceedings. A case was filed at the PPO Aparri
A62: August 30, 2018/ Patunungan, Sta. Ana, Cagayan | B62: No claimant | C62: 27 pcs. Red Lauan lumbers | D62: =457.3/424 -> 1.0785377 | F62: 13719 | G62: Naval Base Camilo Osias, San Vicente, Sta. Ana, Cag. | H62: Philippine Navy | I62: Under administrative confiscation proceedings
A63: Sept. 28, 2018/ Elkizaga, Gattaran, Cag. | B63: No permit | C63: 3 pcs. Narra flitches | D63: =157/424 -> 0.37028302 | F63: 9468 | G63: T. Elizaga, Gattaran, Cag./ Brgy. Hall/ Brgy. Capt. Mario Ramos Deus | I63: Under administrative confiscation proceedings
A64: October 16, 2018/ Marede, Sta. Ana, Cag. | B64: Isuzu Elf WLU-299 | C64: 39 pcs. Red Lauan lumber | D64: =991.66/424 -> 2.3388208 | F64: 29749.8 | G64: Municipal Hal, Sta. Ana, Cag. | I64: For resolution
A65: October 19, 2018/ Masi, Sta. Teresita, Cag. | B65: (Hyundai Grace Van XCZ-809 w/ trailer) | C65: 155 pcs. Red Lauan lumber | D65: =1300.4/424 -> 3.0669811 | F65: 52016 | G65: CENRO Compound | I65: A case was filed by the CENRO against the accussed Dante Bañez for violation of PD 705 at the PPO Aparri on November 5, 2018 docketed under NPS II-02a-18J-00308. The ACP was conducted on November 6, 2018. Forwarded to this Office December 9, 2020 and forwarded to RO per memo dated January 4, 2021
A66: October 29, 2018/ Amunitan. Gonzaga, Cagayan | B66: Isuzu Closed Van WJB-755 | C66: 56 pcs. Narra and Kamagong flit/ lbr | D66: =1066.784/424 -> 2.516 | F66: 53339.2 | G66: CENRO Compound | H66: PNP Gonzaga | I66: For resolution
A67: November 15, 2018/ So. Padungsol, Naddungan, Gattaran, Cagayan | B67: chainsaw | C67: 89 Red Lauan lbrs & 72 Palosapis lbrs. | D67: =914.6/424 -> 2.1570755 | F67: 36584 | G67: CENRO Compound | I67: Under administrative confiscation proceedings
A68: November 29, 2018/Sta. Clara, Gonzaga, Cag. | B68: No claimant | C68: 5 pcs. Red Lauan lumber | D68: =323.74/424 -> 0.76353774 | F68: 12949 | G68: CENRO Compound | I68: Under administrative confiscation proceedings
A69: December 12, 2018/ Toran, Aparri, Cagayan | B69: Isuzu Elf, no plate | C69: 147 pcs. CHW lumbers | D69: =3000/424 -> 7.0754717 | G69: CENRO Compound | I69: CONFISCATED IN FAVOR OF THE GOVERNMENT DATED FEBRUARY 16,2023 | J69: The admin proceeding was conducted on March 13, 2019. A case was filed on January 3, 2019 at PPO Aparri, Cagayan docketed under NPSII-02a-INV-19A-00001. Confiscated in favor of the government dated July 18, 2022
A70: December 12, 2018/ Rapuli, Sta. Ana, Cag. | B70: Honda TMX, kulong-kulong no plate | C70: 20 pcs. Red Lauan lumbers | D70: =249.33/424 -> 0.58804245 | G70: CENRO Compound | H70: PNP Sta. Ana | I70: For resolution
A71: December 14, 2018/ Smart, Gonzaga, Cag. | B71: Honda TMX, kulong-kulong no plate | C71: 15 pcs. CHW lumber | D71: =220/424 -> 0.51886792 | F71: 5500 | G71: CENRO Compound | H71: PNP Gonzaga, Cag. | I71: An inquest case was filed against Pepe Sabano and Angelito Castillo by PNP Gonzaga, Cag. Under NPS Docket No. II-02a-INQ-181-00281 at PPO Aparri, Cag.
A72: December 28, 2018/ Rapuli, Sta. Ana, Cagayan | B72: Toyota Hi-Ace van w/ Plate# 548407) | C72: 7 pcs. Kamagong flitches | D72: =459.58/424 -> 1.0839151 | F72: 32170.6 | G72: CENRO Compound | H72: PNP Sta. Ana | I72: Under administrative adjudication proceedings. The accussed Jonathan Pineda and Benjie Cuarteros guilty beyond reasonable doubt of the lesser offense of Simple Theft; and the Conveyance and its load were forfeited in favor of the government per Order dated February 6, 2019 issued by Presiding Judge Conrado Tabaco, RTC Branch 9, Aparri, Cag.
A73: SUB-TOTAL | D73: =SUM(D7:D72) -> 102.839 | F73: =SUM(F7:F72) -> 1060090.6
A74: CENRO TUGUEGARAO
A75: Feb. 5, 2018/ Camasi, Peñablanca, Cag. | B75: No permit to transport (Van w/ plate No. XBY-509) | C75: 15 pcs. Gmelina lumbers | D75: 0.42 | F75: 6300 | H75: PNP Penablanca | I75: The admin proceeding was conducted last February 15, 2018. The respondents are Robert Suyu (driver) and Jacinto Ligutan (owner of fp). Confiscated in favor of the government per order dated November 7, 2019. Ordered final and excutory dated February 1, 2021
A76: Feb. 10, 2018/ Camasi, Penablanca, Cag. | B76: No permit to transport (Van w/ plate No. CPS-193) | C76: 35 pcs. CHW lumbers | D76: 0.46 | F76: 12555 | H76: PNP Penablanca | I76: The admin proceeding was conducted on February 19, 2018 and February 22, 2018
A77: March 8, 2018/ Buntun Highway, Tuguegarao City | B77: No permit to transport (Isuzu Elf w/ Plate No. XKD-774) | C77: 113 sacks charcoal | F77: 33900 | H77: PNP COMPAC Personnel | I77: CONFISCATED IN FAVOR OF THE GOVERNMENT DDATED FEBRUARY 14,2023 | J77: The admin proceeding was conducted Last March 19, 2018. The accussed pleaded guilty per order dated November 20, 2018 issued by Judge Jezarene Aquino. Both conveyance and its load were ordered confiscated in favor of the government per order dated January 7, 2021
A78: March 31, 2018/ Dadda, Tuguegarao City | B78: PUJ BVE 748) and Single Motor (XRM 125 w/ Plate 2684 BS) | C78: 39 pcs. CHW lumber | D78: =604/424 -> 1.4245283 | F78: 21140 | G78: PENRO Compound | H78: PNP Tuguegarao | I78: Alleged owner of single motor Ricardo Mabborang, owner of PUJ Jayjay Calimag. A criminal case was filed against Ricardo Mabborang, Jofer Calimag, Ester Calimag, Maritony Corpuz and Antonio Tibis at Regional Trial Court Branch 5, Tuguegarao City on April 1, 2018 docketed under NPS No. II-03-INQ-018D-0061 and Crim. Case No. 19524. The admin proceeding was conducted last May 18 and 25, 2018. Turned-over to Sub-Office. Confiscated in favor of the government dated June 11, 2019. With Order of Finality Sept. 06, 2024.
A79: August 1, 2018/ Carig Sur, Tuguegarao City | B79: van w/ plate BVP-582) | C79: 20 pcs. Gmelina lumbers | D79: =623/424 -> 1.4693396 | F79: 21790 | G79: PENRO Sub-Office Compound/ CENRO Siggayo | H79: PNP Tuguegarao | I79: Per documents recovered on the van, the alleged owner was Gerry Lopez and Sabina Lopez
A80: August 2, 2018/ Camasi, Penablanca, Cagayan | B80: ( van w/ plate No. BVR-682) | C80: 88 pcs. Narra lumber and baluster | D80: =219/424 -> 0.51650943 | F80: 10560 | G80: PENRO Sub-Office Compound/ CENRO Siggayo | I80: Ordered final and executory dated January 11, 2021
A81: August 19, 2018/ Alimanao, Peñablanca, Cag. | B81: No permit/ transport documents (1 Mitsibishi L-300 van without Plate No.) | C81: 44 pcs. CHW lumbers | D81: =394/424 -> 0.92924528 | F81: 13813 | G81: PENRO Sub-Office | H81: PNP Tuguegarao | I81: The identified perpetrators is Samie Sibal of Quibal, Peñabalnca, Cag. A criminal Case was filed docketed under NPS-II-03-INQ-0184-00198
A82: August 19, 2018/ Libag Sur, Tuguegarao City | B82: No permit/ transport documents (1 Mitsibishi L-300 van w/ Plate No. TGF-699) | C82: 16 pcs. Narra flitches | D82: =520/424 -> 1.2264151 | F82: 52864 | G82: PENRO Sub-Office | H82: PNP Tuguegarao | I82: The identified perpetrators is Romeo-Bayo-ot and Jay-at Saludares of Cabugao, Apayao, Cag.. A criminal Case was filed docketed under NPS-II-03-INQ-0184-00198
A83: August 19, 2018/ Libag ,Tuguegarao City | B83: (Hyundai Grace van w/ Plate No. XCR-975) | C83: 11 pcs. Narra flitches | D83: =358/424 -> 0.84433962 | F83: 35850 | G83: PENRO Sub-Office | H83: PNP Tuguegarao | I83: The identified perpetratorsDanny Duca and Rodolfo Mitua of Hacienda Intal, Baggao, Cag.. A criminal Case was filed docketed under NPS-II-03-INQ-0184-00199
A84: August 19, 2018/ Namabbalan Sur, Tuguegarao City | B84: (MB100 Mercedez van w/ Plate No. AEA-385) | C84: 21 pcs. Narra flitches | D84: =591/424 -> 1.3938679 | F84: 59173 | G84: PENRO Sub-Office | H84: PNP Tuguegarao | I84: The perpetrators were not identified. Confiscated in favor of the government dated August 22, 2019
A85: August 21, 2018/ Brgy. Camasi, Peñablanca, Cag. | B85: No claimant | C85: 15 pcs. Gmelina lumbers | D85: =105/424 -> 0.24764151 | F85: 4200 | G85: PENRO Sub-Office Compound/ CENRO Siggayo | I85: The admin proceeding was conducted last August 29, 2018. Confiscated in favor of the government dated October 29, 2018
C86: 5 Narra lumbers | D86: =33/424 -> 0.077830189 | F86: 3325
A87: August 21, 2018/ Brgy. Caggay, Tuguegarao City | B87: No claimant | C87: 8 sacks charcoal | F87: 2800 | G87: PENRO Sub-Office Compound/ CENRO Siggayo
A88: August 27, 2018/ Carig Sur, Tuguegarao City | B88: (van w/ plate No. WLG-320) | C88: 91 CHW lumbers | D88: =429.5/424 -> 1.0129717 | F88: 15032 | G88: PNP Tuguegarao | H88: PNP Tuguegarao | I88: CONFISCATED IN FAVOR OF THE GOVERNMENT DDATED FEBRUARY 16,2023 | J88: A criminal case was filed against Mr. Albert Arao, Jessie Balisi and Loui Calimag was filed at City Prosecutors Office. The admin proceeding was conducted last September 3, 2018
A89: September 12, 2018/ Annafunan, Tuguegarao City | B89: ( van w/ plate No. XRS-714) | C89: 42 pcs. CHW lumbers | D89: =139/424 -> 0.32783019 | F89: 4900 | G89: PENRO Sub-Office Compound/ CENRO Siggayo | I89: The admin proceeding was conducted last September 17, 2018 Confiscation ORDER dated September 2, 2020. Ordered final and executory per memo recieved dated November 12, 2021
A90: September 13, 2018/ Nanguillattan, Peñablanca, Cagayan | B90: ( 1 Isuzu Elfw/ Plate No. WNL-582) | C90: 36 Gmelina lumbers | D90: 2.02 | F90: 25694 | G90: PNP Tuguegarao City | H90: 1 Isuzu Elf w/ Plate No. WNL-582 | I90: Under administrative adjudication proceedings
A91: October 4, 2018/ Gosi, Tuguegarao City | B91: (WMU-189) | C91: 9 pcs. Narra flitches | D91: =427/424 -> 1.0070755 | F91: 42798 | G91: PNP Tuguegarao | I91: Confiscated in favor of the government dated May 19, 2020
A92: SUB-TOTAL | D92: =SUM(D75:D91) -> 13.377594 | F92: =SUM(F75:F91) -> 366694
A93: CENRO ALCALA
A94: January 8, 2018/ Annayatan, Baggao, Cagayan | B94: (Tamaraw FX w/ Plate No. ECM-888) | C94: 10 pcs. Narra flitches | D94: =353.2/424 -> 0.83301887 | F94: 28250 | G94: CENRO Compound/ Margie Calata | H94: PNP Baggao | I94: The admin proceeding will be scheduled on January 30, 2017. Criminal case was filed at the Provincial Prosecutors Office Carig, Tuguegarao City docketed under NPS II-02-INQ-18A-00181. Confiscated in favor of the government dated January 24, 2020. With Order of Finality received on Sept. 11, 2024
A95: January 24, 2018/ Annayatan, Baggao, Cag. | B95: (L300 van w/ Plate No. THZ-956) | C95: 8 pcs. Narra flitches | D95: 0.92 | G95: CENRO Compound/ Margie Calata | I95: Criminal case was filed at the Provincial Prosecutors Office Carig, Tuguegarao City . Confiscated in favor of the government dated August 22, 2019. Confiscated in favor of the government dated August 22, 2019. With Order of Finality received on Sept. 12, 2024
A96: February 17, 2018/ San Francisco, Baggao, Cag. | B96: (2 kuliglig and Center Car w/ Plate No. QH-3568) | C96: 48 pcs. CHW lumber | D96: =569/424 -> 1.3419811 | G96: CENRO Compound/ Margie Calata | H96: PNP Baggao
A97: February 21, 2018/ Amulung, Cagayan | B97: No permit to transport (Toyota Hi-Ace van w/ Plate No. WGP-263) | C97: 3 CHW lumber | D97: =469/424 -> 1.1061321 | G97: PNP Amulung | H97: PNP Amulung | I97: Confiscated in favor of the government dated September 13, 2019. Ordered final and executory dated September 14, 2020
A98: February 23, 2018/ Piggatan, Alcala, Cag. | B98: (Kulong-kulong no plate ) | C98: firewood | F98: 1120 | G98: CENRO Compound | H98: PNREO | I98: CONFISCATED IN FAVOR OF THE GOVERNMENT DATED FEBRUARY 14,2023 | J98: The administrative confiscation proceedings were conducted last March 19 and May 28, 2018. Both the conveyances and its load were ordered confiscated in favor of the government dated Januari 6, 2021
A99: February 23, 2018/ Piggatan, Alcala, Cag. | B99: No permit to transport (Center Car) | C99: firewood | G99: CENRO Compound | H99: PNREO
A100: March 8, 2018/ Piggatan, Alcala, Cag. | B100: No claimant | D100: =1196/424 -> 2.8207547 | G100: Barangay Kagawad Bernardo Jove | H100: PNP Alcala, PNREO | I100: Submitted trhu fax message dated March 9, 2018
...

Sheet 2019
A1: CONSOLIDATED APPREHENDED, SEIZED AND CONFISCATED FOREST PRODUCTS, CONVEYANCES AND TOOLS/EQUIPMENT
A2: PROVINCE OF CAGAYAN
A3: CALENDAR YEAR 2019
A5: Date OF Apprehension | B5: Place of Apprehension | C5: Apprehending Officers | D5: Forest Products | G5: Conveyance/Equipment | H5: Place Impouded | I5: Other remarks (condition, status of criminal complaint if any, etc.)
D6: Quantityand form | E6: Volume (cu.m.) | F6: Value (PhP)
A7: CENRO APARRI
A8: January 9, 2019 | B8: So. Bigok, Alucao, Sta. Teresita, Cagayan | C8: Phil. Marines based at St Mission, Sta. Teresita, Cagayan | D8: 7 pcs. Red Lauan flitches | E8: 2.61 | F8: 33300 | H8: CENRO Compound | I8: Under administrative confiscation proceedings
A9: January 22, 2019 | B9: Capissayan Sur, Gattaran, Cagayan | C9: 77th Infantry Batallion Phil. Army, Capissayan Based | D9: 135 pcs. Red/White Lauan lumber/ flitches | E9: 5.17 | F9: =37759.2+22459.8 -> 60219 | G9: 1 unit power chainsaw | H9: CENRO Compound | I9: Under administrative confiscation proceedings
A10: January 28, 2019 | B10: San Mariano, Lal-lo, Cagayan | C10: PNP Lal-lo & DENR Personnel | D10: 39 pcs. Gmelina flitches | E10: 0.34 | F10: 4350.24 | H10: CENRO Compound | I10: Apprehended by virtue of Search Warrant issued by Judge Catherine Bangi-Allas, MTC Branch 1, Lal-lo, Cagayan on Jan. 24, 2019. A case was filed thru against Angel Balas thru inquest proceedings on January 28, 2019 at PPO Aparri, Cag docketed under NPS No. II-02a-INQ-19A-00023 w/ Criminal Case No. II-14613.
D11: 3 pcs. Narra planks | E11: 0.41 | F11: 55000
A12: January 28, 2019 | B12: Smart Gonzaga | C12: PNP Gonzaga | D12: 24 pcs. White Lauan lumber | E12: 0.13 | F12: 3733.24 | G12: 1 unit Honda TMX Motorcycle w/ sidecar | H12: CENRO Compound | I12: A case was filed against Quirino Camiling thru inquest proceedings at PPO Aparri on January 29, 2019 docketed under NPS-II-02a-INQ-19A-00026 w/ Criminal Case No. II.14615
A13: February 14, 2019 | B13: Nangalisan, Sta. Clara, Cag. | C13: Philippine Marines and DENR Personnel | D13: 19 pcs. CHW lumbers/ flitches | E13: 3.09 | F13: =33957.9+6253.45 -> 40211.35 | I13: The admin proceeding was already conducted thru posting of notices for three (3) times. With Order of Finality received on Dec. 03, 2024 promulgated on Feb. 06, 2023 with Docket No. R2-ED-2023-0021
A14: February 14, 2019 | B14: Baracaoit, Gattaran, cag. | C14: PNP Gattaran and DENR Personnel | D14: 48 pcs. Red Lauan lumber/flitches | E14: 3.65 | F14: =17290+31577.4 -> 48867.4 | H14: MDRRMC Gattaran, Cagayan | I14: The identified offenders are Wilmer Barbosa, Edwin Gaba, Arnold Salvador, Dina Ventura, Anthony Abad & Arnel Salvador
A15: February 14, 2019 | B15: Macanaya, Aparri, Cag. | C15: PNP Aparri | D15: 14 pcs. Red Lauan lumber | E15: 0.46 | F15: 7840 | G15: Mitsubishi L-300 | H15: PPO Camp Tirso H. Gador, Tuguegarao City | I15: A case was filed against Robert Santaros thru inquest proceedings at PPO Aparri docketed under NPS No. II-02a-INQ-19B-00044. The admin proceeding was conducted on March 25, 2019
A16: February 19, 2019 | B16: Laoc, Pateng, Gonzaga, Cag. | C16: CENRO personnel AND Phil. Marines & LGU Gonzaga, Cag. | D16: 13 pcs. CHW flitches | E16: 2.4 | F16: 25425.83 | H16: CENRO Compound | I16: Under administrative confiscation proceedings
A17: February 20, 2019 | B17: Magapit, Lal-lo, Cagayan | C17: CENRO personnel | D17: 16 pcs. Red Lauan lumber | E17: 0.58 | F17: 8680 | G17: 1 Rusi 125 Redkulong-kulong | H17: CENRO Compound | I17: The indentified person is Ferdinand Burgos. The admin proceeding was conducted on March 11, 2019 (receive Confiscation Order Dated June 11, 2020. Ordered final and executory dated May 4, 2021
A18: February 22, 2019 | B18: So. Cabadeco, Cabiraoan, Gonzaga, Cag. | C18: CENRO personnel, Phil. Marins and MENRO Bennyfred Sandi | D18: 20 pcs. CHW lumbers | E18: 2.16 | F18: 22883.25 | H18: CENRO Compound | I18: The admin proceeding was already conducted thru posting of notices for three (3) times. With Order of Finality received on Dec. 03, 2024 promulgated on Feb. 06, 2023 with Docket No. R2-ED-2023-0017
A19: February 24, 2019 | B19: Caroan, Gonzaga, Cag. | C19: PNP Gonzaga | D19: 5 pcs. White Lauan lumber | E19: 0.08 | F19: 937.5 | G19: 2 units motorized banca | H19: PNP Gonzaga (forest products, Caroan, Gonzaga (motorized banca) | I19: The identified offenders are Joy Palattao & Dexter dela Cruz
D20: 59 pcs. Red Lauan lumber | E20: 0.83 | F20: 8800
A21: February 25, 2019 | B21: Pinutulan, Capissayan Norte, Gattaran, Cag. | C21: CENRO personnel | D21: 50 pcs. Red Lauan lumber | E21: 0.83 | F21: 10500 | H21: CENRO Compound | I21: Under administrative confiscation proceedings CONFISCATED dated Septemeber 2, 2020. With Order of Finality received on Nov. 12, 2024 promulgated on Sept. 02, 2020 with Docket No. R2-Ed-2020-0044
D22: 4 pcs. Narra flitches | E22: 0.5 | F22: 10900
D23: 33 pcs. Gmelina flitches | E23: 2.02 | F23: 25788.6
A24: March 1, 2019 | B24: Peña Weste, Gattaran, Cagayan | C24: CENRO personnel | D24: 19 pcs. Dao lumber and flitches | E24: 2.9 | F24: =5000*E24 -> 14500 | G24: 1 unit power chainsaw | H24: CENRO Compound | I24: Under administrative confiscation proceedings
A25: March 1, 2019 | B25: Binubungan, Allacapan, Cag. | C25: CENRO personnel | D25: 12 pcs. Antipolo lumber and flitches and 13 pcs. Narra flitches | E25: 2.2 | F25: 43060.5 | H25: CENRO Compound | I25: Under administrative confiscation proceedings
A26: Sub-Total | E26: =SUM(E8:E25) -> 30.36 | F26: =SUM(F8:F25) -> 424996.91
A27: Grand Total

Sheet 2020
A1: CONSOLIDATED APPREHENDED, SEIZED AND CONFISCATED FOREST PRODUCTS, CONVEYANCES AND TOOLS/EQUIPMENT
A2: PROVINCE OF CAGAYAN
A3: CALENDAR YEAR 2020
A5: Date OF Apprehension | B5: Place of Apprehension | C5: Apprehending Officers | D5: Forest Products | G5: Conveyance/Equipment | H5: Place Impouded | I5: Other remarks (condition, status of criminal complaint if any, etc.)
D6: Quantity and form | E6: Volume (cu.m.) | F6: Value (PhP)
A7: CENRO APARRI
A8: December 2, 2019 | B8: Pattao, Buguey, Cagayan | C8: PNP Buguey personnel | D8: 122 pcs Red and White Lauan Lumber | E8: 5.45 | F8: 92545.6 | G8: Isuzu Elf Truck UTF 614 | H8: CENRO Compound | I8: Criminal case was against Sandy Flores with Docket No. NPS II-02a-INQ-19K-00306 on December 3, 2019. Admin proceedings was conducted March 6, 2020
A9: January 4, 2020 | B9: Maddalero, Buguey, Cagayan | C9: PNP Sta. Teresita and Buguey Personnel | D9: 11 pcs Gmelina | E9: 0.59 | F9: 8762.25 | G9: MB VAN Plate no. 1312-000000123931 | H9: CENRO Compound | I9: Case was filed against Romeo Cusit, Michael Del Buenaflor and Cesar Villasin at (Provincial Prosecutor Office) Aparri on january 23, 2020 under NPS II-02A-INV-2-A-00003, Admin Proceedings was Conducted on July 14, 2020
A10: January 5, 2020 | B10: Agnawan, Mabuno, Gattaran, Cagayan | C10: PNP Gattaran personnel | D10: 1 pc Narra Flitches | E10: 0.19 | F10: 4083 | G10: N/A | H10: Gattaran Police Station Compound | I10: Case Filed in court for Admin. Confiscation Proceedings against Alex Siazon
A11: January 6, 2020 | B11: Pattao, Buguey, Cagayan | C11: PNP Buguey personnel | D11: 6 pcs Gmelina Lumbers | E11: 0.07 | F11: 900 | G11: 1 unit sangyong Istana Van | H11: CENRO Compound | I11: Under Admin. Confiscation Proceedings
A12: January 9, 2020 | B12: Calaoagan Dackel, Gattaran, Cagayan | C12: PNP Gattaran personnel | D12: 2 pcs Narra Flitches | E12: 0.27 | F12: 5695.5 | G12: N/A | H12: Gattaran Police Station Compound | I12: Case filed in court for Admin. Confiscation Proceedings against Alejo Aguinaldo and Anselmo Florendo
A13: January 22, 2020 | B13: Sta. Clara, sta. Ana, Cagayan | C13: PNP Sta. Ana Personnel | D13: 70 pcs Red Lauan Lumbers | E13: 0.55 | F13: 8165.5 | G13: N/A | H13: CENRO Compound | I13: Case filed in court for Admin. Confiscation Proceedings against Maritchel Cadang
A14: January 23, 2020 | B14: Capissayan Norte, Gattaran, Cag. | C14: PNP Gattaran personnel | D14: 130 pcs. Assorted species | E14: =750.79/424 -> 1.7707311 | F14: 78084.3 | G14: 2 sets circular saw, 1 set drill w/ grinder and 2 sets band saw | H14: PNP Gattaran Station Compound | I14: submitted thru fax message dated February 14, 2020. Search warrant no. 03-20 issued by presiding judge Conrado T. Tabaco MTC brach 9 on January 23, 2020. Inquest case was filed against Joel Dela cruz on January 24, 2020 under NPS II-02A-INQ-20A-00023
A15: January 24, 2020 | B15: Zone 6, Minanga Sur, Lasam, Cagayn | C15: PNP Lasam Personnel | D15: 27 pcs CHW | E15: 0.63 | F15: 10700 | G15: N/A | H15: PNP Lasam Station Compound | I15: Case Filed in court For admin. Proceedings against Marvin Cabuyo
A16: January 29, 2020 | B16: Rapuli, Sta. Ana, cag. | C16: PNP Sta. Ana Personnel | D16: 37 PCS. White and Red Lauan lumber | E16: =341/424 -> 0.80424528 | F16: 11935 | G16: N/A | H16: PNP Sta. Ana Station Compound | I16: Apprehended thru Search Warrant, case filed in court for Admin proceedings against Mardion Dela Cruz
A17: February 3, 2020 | B17: Baraiodan, Gattaran, Cagayan | C17: CENRO and PNP Gattaran Personnel | D17: 97 Red Lauan and Tangisang Bayawak Lumbers | E17: 0.99 | F17: 14651 | G17: N/A | H17: PNP Gattaran Station Compound | I17: Case Filed in court For admin. Proceedings against Merlita Cabbab
A18: February 3, 2020 | B18: Gonzaga, Cagayan | C18: PNP Gonzaga Personnel | D18: N/A | F18: 11000 | G18: 1 unit Chainsaw | H18: PNP Gonzaga Station Compound | I18: Criminal Case No. II-152017- was filed against roger sorbida thru Inquest Proceedings for Violation of RA 9175 at RTC aparri on February 3, 2020
A19: February 3, 2020 | B19: Backiling, Aparri, Cagayan | C19: CENRO and PNP Aparri Personnel | D19: 113 Gmeina and narra Lumbers | E19: 3.16 | F19: 67809.4 | G19: N/A | H19: CENRO Compound | I19: Case filed in Court For Amin proceedings Against Loreto Abella
A20: February 3, 2020 | B20: Tapel, Gonzaga, cagayan | C20: PNP Gonzaga Personnel | D20: 12 pcs Narra and Red Lauan Lumber | E20: 0.2 | F20: 2975 | G20: Wooden cart | H20: PNP Gonzaga Station Compound | I20: Criminal case was filed against Avelino Marquez Thru Inquest proceedings for violation of sec 77 of PD 705 at RTC Aparri on Feb. 4, 2020
A21: February 4, 202 | B21: Rebecca, Gonzaga, cagayan | C21: PNP Gonzaga Personnel | D21: 1 pc Mahogany Round Log | E21: 0.4 | F21: 59195 | G21: 1 unit Chainsaw | H21: CENRO Compound | I21: A Criminal Case No. II-15215 was filed against Leimar Balanay Thru Inquest proceeding at RTC Aparri on Feb. 5, 2020
A22: February 5, 2020 | B22: San Lorenzo, Lallo, cagayan | C22: PNP Lallo Personnel | D22: 75 pcs Narra, Tanguile and Gmelina Lumbers | E22: 1.27 | F22: 22980.3 | G22: N/A | H22: CENRO Compound | I22: Criminal Case No. II-15216 was filed against Alfredo Valdemor thru Inquest Proceedings at RTC Aparri on Feb. 6, 2020. Case filed in court PNP Lallo, Cagayan at PPO Aparri,w/ NPS II-02A-INQ-20B-00036 on Feb. 6, 2020. With Order of Finality received on Dec. 03, 2024 promulgated on June 05, 2023 with Docket No. R2-ED-2023-0095
A23: February 10, 2020 | B23: Bangag, Lal-lo, Cag. | C23: PNP Lallo Personnel | D23: 12 pcs Sawn lumbers | E23: =121.96/424 -> 0.28764151 | F23: 4740 | G23: N/A | H23: PNP Lallo Station Compound | I23: Criminal case No. II-15228 was filed against Jhony Naul thru Inquest Proceedings on Feb. 11, 2020 and case file at PPO Aparri w/ NPS II-02A-INQ-19L-00321
A24: February 20, 2020 | B24: Aridowen, Sta. Teresita, Cagayan | C24: CENRO and Marine Personnel | D24: 21 pcs Red Lauan Lumber/Flitches | E24: 2.77 | F24: 36749 | G24: N/A | H24: Marine Station Compound | I24: Under admin confisation proceedings
A25: February 27, 2020 | B25: Pattao, Buguey, Cagayan | C25: PNP Buguey personnel | D25: 8 pcs Mango Lumber | E25: 0.06 | G25: 1 unit Chainsaw | H25: CENRO Compound | I25: Criminal Case No. II-15255 was filed against Elmer Lubas Thru Inquest Proceedins on Feb. 28, 2020
A26: March 3, 2020 | B26: Cullit, Camalaniugan, Cagayan | C26: PNP Camalaniugan Personnel | D26: 20 pcs Sawn Narra | E26: 0.48 | G26: N/A | H26: PNP Camalaniugan Station Compound | I26: Case filed in cout For Admin. Proceedings against Jun Tollo
A27: March 9, 2020 | B27: Abagao, Camalaniugan, Cagayan | C27: PNP Camalaniugan Personnel | D27: 65 pcs Antipolo Lumber | E27: 0.68 | F27: 10103 | G27: Hand Tractor w/ Pulling trailer | H27: PNP Camalaniugan Station Compound | I27: Case filed in cout For Admin. Proceedings against Zaldy Rabina
A28: March 9, 2020 | B28: Cabiraoan, Gonzaga, cag. | C28: elements of PNP Sta. Ana | D28: 26 pcs Red Lauan Lumber | E28: 0.88 | F28: 13135.5 | G28: N/A | H28: PNP Gonzaga Station Compound | I28: Crim case no. II-15282, cases filed on March 10, 2020 with II-02a-INQ-20C-00072 against Francisco Montales. With Order of Finality received on Dec. 03, 2024 promulgated on May 29, 2023 with Docket No. R2-ED-2023-0075
A29: March 9, 2020 | B29: Cabiraoan, Gonzaga, cag. | C29: elements of PNP Gonzaga | D29: 22 pcs Red Luan Lumbers | E29: 0.4 | F29: 5941.25 | G29: N/A | H29: PNP Gonzaga Station Compound | I29: Criminal Cases II-15283. case was conducted on March 9, 2020 with INQ no. II-02a-INQ-20C-00073 admin proceeding was conducted on July 17, 2020.With Order of Finality received on Dec. 03, 2024 promulgated on June 05, 2023 with Docket Nop. R2-ED-2023-0094
A30: March 9, 2020 | B30: Maddalero, Buguey, cagayan | C30: elements of PNP Buguey | D30: 26 pcs White Lauan Lumbers | E30: 0.24 | F30: 3328 | G30: 1 unit Isuzu Elf | H30: PNP Buguey Station Compound | I30: A Criminal Case no. II-15281 was filed against Robert Gallardo at the Regional Trial Court, B. 9 Aparri on March 10, 2020
A31: March 11, 2020 | B31: Baraoidan, gattaran, Cag | C31: elements of PNP Gattaran | D31: 6 pcs CHW | E31: 0.516 | F31: 8746 | G31: N/A | H31: Gattaran Police Station Compound | I31: cases filed in court NPS II-02A-INV-20C-00084 against Christopher Ladia
A32: March 12, 2020 | B32: Visitacion, Sta. Ana, Cag. | C32: elements of PNP Sta. Ana | D32: 11 pcs Red and White Lauan | E32: 0.423 | F32: 4485.5 | G32: 1 unit Rusi w/ kulong-kulong | H32: CENRO Compound | I32: Case Filed in Court For admin Proceedings against Ryan Orillaza
A33: March 12, 2020 | B33: Centro Sta. Ana, Cag. | C33: elements of PNP Sta. Ana | D33: 42 pcs Red and White Lauan | E33: 2.012 | F33: 21324.75 | G33: N/A | H33: PNP Sta. Ana Station Compound | I33: Apprehended thru Search Warrant. Case was filed for admini proceedings against Rudy Rumbaoa
A34: March 12, 2020 | B34: Visitacion, Sta. Ana, Cag. | C34: elements of PNP Sta. Ana | D34: 13 pcs red and white lauan | E34: 0.591 | F34: 6250 | G34: 1 unit Euro (150) w/ kulong-kulong | H34: PNP Sta. Ana Station Compound | I34: Apprehended thru Search Warrant. Case was filed for admini proceedings against Cj Visquera
A35: March 13, 2020 | B35: Ipil, Gonzaga, cag. | C35: elements of PNP Sta. Ana | D35: 17 pcs Red Lauan | E35: 0.44 | F35: 7309.07 | G35: 1 unit Suzuki Multicab | H35: CENRO Compound | I35: CONFISCATED IN FAVOR OF THE GOCVERNMENT DATED FEBRUARY 16, 2023
A36: April 1, 2020 | B36: Pateng, Gonzaga, Cagayan | C36: PNP Gonzaga Personnel | D36: 5 pcs White Lauan | E36: 0.25 | F36: 19200 | G36: Rusi 175 Kulong-kulongg | H36: PNP Gonzaga Station Compound | I36: Criminal case no. II-15283 against Emanuel Valdez and Cesar Balingyaw
A37: April 8, 2020 | B37: Ipil, Gonzaga, cag. | C37: PNP Gonzaga Personnel | D37: 6 pcs Red Lauan | E37: 0.3 | F37: 19468 | G37: Maton Ex 125 Kulong-kulong BA-76270 | H37: PNP Gonzaga Station Compound | I37: Case filed against Wilfredo Mirasol w/ NPS II-02A-INQ-20D-00101 on April 8, 2020
A38: April 15, 2020 | B38: Ipil. Gonzaga, Cagayan | C38: elements of PNP Gonzaga | D38: 9 pcs Red Lauan/ 4 sets door jamb | E38: 0.39 | F38: 5879.65 | G38: N/A | H38: PNP Gonzaga Station Compound | I38: Case filed against Arnel Bandomil w/ NPS II-02A-INQ-20D-00110 on April 15, 2020. With Order of Finality received on Dec. 03, 2024 promulgated on August 04, 2023 with Docket No. R2-ED-2023-0172
... A40: April 19, 2020 | B40: Sta. Maria, Gonzaga, Cagayan | C40: elements of PNP Gonzaga | D40: 20 pcs Red Lauan lumbers | E40: 0.83 | F40: 12773.1 | G40: 2 units Wooden Cart | H40: PNP Gonzaga Station Compound | I40: Case filed against Jayson Estarija,James Felix and Loreto Estarija w/ NPS II-02A-INQ-20D-00119 on April 20, 2020
A41: April 21, 2020 | B41: Bulala, Camalaniugan, Cagayan | C41: CENRO Personnel | D41: 24 sacks of charcoal | F41: 6240 | G41: N/A | H41: CENRO Compound | I41: Under admin confisation proceedings
A42: May 1, 2020 | B42: Sta. Teresita, Lallo, Cagayan | C42: PNP Lallo Personnel | D42: 34 pcs Gmelina Lumbers | E42: 0.7 | F42: 11524.85 | G42: Yan Mar EP 39BT Tractor w/ Trailer | H42: PNP Lallo Station Compound | I42: Under admin confisation proceedings
A43: May 7, 2020 | B43: Tanagatan, Sta. Ana, cagayan | C43: PNP Sta. Ana Personnel | D43: 11 pcs CHW Lumber | E43: 0.25 | F43: 38710 | G43: Rusi 125 Blue Kulong-kulong | H43: PNP Sta. Ana Station Compound | I43: Under admin confisation proceedings
A44: May 7, 2020 | B44: Patao, Buguey, Cagayan | C44: PNP Buguey personnel | D44: 5 pcs White Lauan Flitches | E44: 0.58 | F44: 6422 | G44: N/A | H44: PNP Buguey Station Compound | I44: Under admin confisation proceedings
A45: May 8, 2020 | B45: Aliguia, Lallo, Cagayan | C45: PNP Lallo Personnel | D45: 2 pcs Gmelina Flitches | E45: 0.22 | F45: 2767.5 | G45: 1 unit Chainsaw | H45: PNP Lallo Station Compound | I45: Crriminal Case No. II-15309 was Filed against Ferdinand Sacramento and Rogelio Ubature on May 9, 2020
A46: May 13, 2020 | B46: Bulala, Camalaniugan, Cagayan | C46: PNP Camalaniugan | D46: 29 pcs. Mahogany lumber | E46: 1.08 | F46: =456.91*35 -> 15991.85 | G46: 1 unit hand tractor and 1 unit chainsaw | H46: PNP Camalaniugan | I46: The identified respondents Benedicto Villamin, et.al. Result of admin forwarded to RO per memo dated Sept. 2, 2020. Ordered released to the respective owners dated December 9, 2021
A47: May 15, 2020 | B47: San Mariano, Lallo, Cagayan | C47: CENRO Personnel | D47: 25 sack of charcoal | F47: 6750 | G47: N/A | H47: CENRO Compound | I47: Under admin confisation proceedings
A48: May 19, 2020 | B48: Kapanikian, Sta. Ana, Cag. | C48: CENRO Personnel | D48: 51 pcs Mangachapui and Red Lauan lumbers | E48: 2.18 | F48: 32409.3 | G48: N/A | H48: LGU Sta. ana compound | I48: Under admin confisation proceedings
A49: May 19, 2020 | B49: Fula, Buguey, Cag. | C49: elements of PNP Buguey | D49: 55 pcs Santol and pacac Lumber | E49: 0.97 | F49: 10660 | G49: N/A | H49: PNP Sta. Ana Station Compound | I49: Criminal Case No. II-15312 Filed against Lito Dela cruz on May 21, 2021
A50: May 22, 2020 | B50: Paranum, Lal-lo, cagayan | C50: elements of PNP Lal-lo | D50: 3 pcs logs | E50: =360.4/424 -> 0.85 | F50: 18020 | G50: 1 unit chainsaw | H50: PNP Lallo Station Compound | I50: Under admin confisation proceedings
A51: May 23, 2020 | B51: Sitio Bungcag, Luga, Sta, Teresita, Cagayan | C51: PNP Sta. Teresita Personnel | D51: 4 pcs White Lauan | E51: 0.5 | F51: 6400 | G51: N/A | H51: PNP Sta. Ana Station Compound | I51: Case filed in Court For admin Proceedings against Apolinario Abana
A52: May 24, 2020 | B52: Centro, Buguey, Cagayan | C52: PNP Buguey personnel | D52: 146 pcs Red Lauan | E52: 1.9 | F52: 88265.55 | G52: Elf Truck GTA-496 | H52: PNP Buguey Station Compound | I52: Criminal case No. II-15317 files against Reynold Cabais, Mark James Mamaspas and Ernesto Sotelo on May 27, 2020
A53: May 25, 2020 | B53: Sitio Paribarat, Dungeg, Sta. Teresita, Cagayan | C53: PNP Sta. Teresita Personnel | D53: 7 pcs CHW Flitches | E53: 1.36 | F53: 17300 | G53: Honda TMX kulong-kulong and 1 unit chainsaw | H53: CENRO Compound | I53: Case filed in court For admin against Gilbert Tenido
A54: May 28, 2020 | B54: Pusina, Camalaniugan, Cagayan | C54: PNP Calamaniugan Personnel | D54: 9 pcs Gmelina Lumbers | E54: 0.06 | F54: 12945 | G54: 1 unit chainsaw | H54: CENRO Compound | I54: Case filed in court For admin against Wilfredo Ujano
A55: May 29, 2020 | B55: So. Laya, Sta. Isabel, Buguey, Cagayan | C55: elements of PNP Buguey | D55: 14 pcs White Lauan Lumber | E55: 0.42 | F55: 17540 | G55: 1 unit chainsaw | H55: PNP Buguey Station Compound | I55: Under admin confisation proceedings
A56: June 3, 2020 | B56: Pateng, Gonzaga, Cagayan | C56: PNP Gonzaga Personnel | D56: 54 pcs Red Lauan Lauan | E56: 0.55 | F56: 43190 | G56: EURO 150 red Kulong-kulong 201-068230 | H56: PNP Gonzaga Station Compound | I56: Under admin confisation proceedings
A57: June 3, 2020 | B57: Barangay Ziminila, Camalaniugan, Cagayan | C57: PNP Camalaniugan | D57: 1 log Gmelina | E57: 0.135 | F57: 11710 | G57: 1 unit chainsaw | H57: PNP Camalaniugan | I57: reported thru radmes dated June 5, 2020
A58: June 11, 2020 | B58: Buyun, Sta. Teresita, Cagayan | C58: PNP Sta. Teresita Personnel | D58: N/A | G58: 1 unit Chainsaw | H58: CENRO Compound | I58: Case Filed in court
A59: June 15, 2020 | B59: Sta. Clara, sta. Ana, Cagayan | C59: CENRO Personnel | D59: 71 pcs Red Lauan, Narra and Mangachapoi Lumber/Flitches | E59: 2.81 | F59: 7058.05 | G59: N/A | H59: CENRO Compound | I59: Under admin confisation proceedings
A60: June 17, 2020 | B60: Minanga, Buguey, Cagayan | C60: CENRO Personnel | D60: 24 pcs Red Lauan Lumber | E60: 0.53 | F60: 7840 | G60: N/A | H60: PNP Buguey Station Compound | I60: Under admin confisation proceedings
A61: June 19, 2020 | B61: Ipil, Gonzaga, cag. | C61: PNP Gonzaga Personnel | D61: N/A | F61: 30000 | G61: 2 unit Chainsaw | H61: CENRO Compound | I61: Criminal Case filed NPS II-02-INQ-20F-00206 against Ronualdo Paz and Renante Asuncion on June 20, 2020
A62: June 20, 2020 | B62: Rapuli, Sta. Ana, cag. | C62: PNP Sta. Ana Personnel | D62: 14 pcs Red Lauan Lumber | E62: 0.24 | F62: 73569.65 | G62: Motorcycle with Kulongkulong | H62: PNP Sta. Ana Station Compound | I62: Case filed in court for admin confiscation against Ismael Barcena
A63: June 21, 2020 | B63: Capissayan Sur, Gattaran, Cagayan | C63: PNP Gattaran personnel | D63: 2 pcs Tanguile Flitches | E63: 0.37 | F63: 55491.5 | G63: N/A | H63: Gattaran Police Station Compound | I63: Case filed in court for admin confiscation against Jhonny Sinco
A64: June 21, 2020 | B64: Dagupan, Lallo, Cagayan | C64: CENRO Personnel | D64: 48 pcs Red Lauan Flitches | E64: 7.93 | F64: 117777.1 | G64: N/A | H64: CENRO Compound | I64: Under admin confisation proceedings
A65: June 23, 2020 | B65: Palagao Norte, Gattaran, Cagayan | C65: PNP Gattaran personnel | D65: 22 pcs Gmelima Lumber | F65: 34178.7 | G65: Kulongkulong BO-69767 | H65: Gattaran Police Station Compound | I65: Case filed in Court For Amin proceedings Against Arturo Ulita and Louie Apura
A66: June 24, 2020 | B66: Tagcar Mission, Sta. Teresita, Cagaya | C66: CENRO Personnel | D66: 53 pcs Red Lauan Lumber/Flitches | E66: 2.41 | F66: 41040 | G66: N/A | H66: CENRO Compound | I66: Under admin confisation proceedings
A67: June 24, 2020 | B67: Diona Zinungan, Sta. Ana, Cagayan | C67: PNP Sta. Ana Personnel | D67: 22 pcs CHW Lumber | E67: 1.29 | F67: 19197.5 | G67: Weapon Truck | H67: CENRO Compound | I67: Case filed in court for admin proceedings against Reynaldo Laya
A68: June 25, 2020 | B68: Dalaya, Allacapan, Cagayan | C68: PNP Allacapan Personnel | D68: 6 pcs Gmelina Lumbers | E68: 0.9 | F68: 37316 | G68: Willys Jeep | H68: PNP Allacapan station Compound | I68: Under admin confisation proceedings
A69: July 1, 2020 | B69: Kapanikian, Sta. Ana, Cag. | C69: CENRO Personnel, elements of PNP Sta. Ana and MENRO OF Sta. Ana | D69: 67 pcs Red Lauan Lumber | E69: 4.33 | F69: 64211 | G69: N/A | H69: CENRO Compound | I69: Under admin confisation proceedings
A70: July 3, 2020 | B70: Dungeg, Sta. Teresita, cag. | C70: elements of PNP Sta. Teresita | D70: 30 pcs white lauan Lumber | E70: 0.34 | G70: N/A | H70: PNP Sta. Teresita station Compound | I70: Under admin confisation proceedings
A71: July 4, 2020 | B71: Paradise, Gonzaga, cagayan | C71: PNP Gonzaga Personnel | D71: INCOMPLETE | G71: INCOMPLETE | H71: Gonzaga PNP Station | I71: incomplete document attached in the case folder.
A72: July 5, 2020 | B72: Mission, Sta. Teresita, Cagayan | C72: PNP Sta. Teresita Personnel | D72: 49 pcs Red Lauan Lumber | E72: 0.9 | F72: 13482 | G72: N/A | H72: CENRO Compound | I72: Under admin confisation proceedings
A73: July 5, 2020 | B73: Sitio Tapuakan, Lallo, Cagayan | C73: CENRO Personnel | D73: 15 pcs Red lauan Flitches | E73: 2.24 | F73: 33285 | G73: N/A | H73: CENRO Compound | I73: Under admin confisation proceedings
A74: July 5, 2020 | B74: So. Ulwan, Tagumay, Gattaran, Cagayan | C74: PNP Gattaran personnel | D74: 33 pcs of Antipolo, Gmelina and Narra Lumbers and Flit. | E74: 1.97 | F74: 33867.46 | G74: N/A | H74: PNP Gattaran Station Compound | I74: Under admin confisation proceedings
A75: July 6, 2020 | B75: Magapit, Lallo, Cagayan | C75: PNP Lallo Personnel | D75: 11 pcs Narra Lumber/Flitches | E75: 0.51 | F75: 12948 | G75: L300 TMD-616 | H75: CENRO Compound | I75: Under admin confisation proceedings
A76: July 8, 2020 | B76: So. Taluru, Pateng, Gonzaga, Cagayan | C76: PNP Gonzaga Personnel | D76: N/A | G76: 1 unit Chainsaw | H76: CENRO Aparri compound | I76: Under admin confisation proceedings
A77: July 8, 2020 | B77: So. Taluru, Pateng, Gonzaga, Cagayan | C77: PNP Gonzaga Personnel | D77: 12 pcs Ditaan Lumber | E77: 0.25 | F77: 18780 | G77: 1 unit Chainsaw | H77: CENRO Aparri compound | I77: Under admin confisation proceedings
A78: July 9, 2020 | B78: Centro west, Sta. Teresita, Cagayan | C78: PNP Sta. Teresita Personnel | D78: 23 pcs white lauan lumber/flitches | E78: 0.32 | F78: 4783.1 | H78: PNP Sta. Teresita station Compound | I78: Under admin confisation proceedings
A79: July 12, 2020 | B79: Macanaya, Aparri, Cagayan | C79: Philippine coast guard personnel | D79: 3 pcs pagatpat lumber/flitches | E79: 0.09 | F79: 1090.2 | G79: 1 unit Chainsaw | H79: CENRO Compound | I79: Under admin confisation proceedings
A80: July 16, 2020 | B80: Rebecca, Gonzaga, cagayan | C80: PNP Gonzaga Personnel | D80: 17 pcs red and white lauan | E80: 0.4 | F80: 5950 | G80: EURO 150 with Kulongkulong | H80: PNP Gonzaga Station Compound | I80: Under admin confisation proceedings
A81: July 17, 2020 | B81: Villa Gracia, Buguey, Cagayan | C81: PNP Buguey personnel | D81: 44 pcs CHW | E81: 0.74 | F81: 36995.84 | G81: TMX black | H81: CENRO Compound | I81: Under admin confisation proceedings
A82: July 17, 2020 | B82: Casagan, Sta. Ana, Cagayan | C82: PNP Sta. Ana Personnel | D82: 13 pcs Red lauan lumber | E82: 0.61 | G82: 2 unit Chainsaw | H82: PNP Sta. Ana Station Compound | I82: Under admin confisation proceedings
A83: July 17, 2020 | B83: So. Bubug, Sta. Clara, Sta. Ana, Cagayan | C83: PNP Sta. Ana Personnel | D83: 19 pcs white and red lauan Lumber | E83: 2.07 | G83: 2 unit Chainsaw | H83: PNP Sta. Ana Station Compound | I83: Under admin confisation proceedings
A84: July 19, 2020 | B84: Casagan, Sta. Ana, Cagayan | C84: 20 1st Maritime of PNP Sta. Ana Personnel | D84: 3 pcs white lauan Lumber/flitches | E84: 0.16 | G84: 1 unit Chainsaw | H84: 20 1st Maritime of PNP Sta. Ana compound | I84: Under admin confisation proceedings
A85: July 19, 2020 | B85: So. Catungaoan, Buyun, Sta. Teresita, Cagayan | C85: PNP Sta. Teresita Personnel | D85: 16 pcs pacac lumber | E85: 0.36 | G85: HONDA TMX | H85: PNP Sta. Ana Station Compound | I85: Crim. Case was filed thru inquest proceedings on july 20, 2020 with Case No. II-15411 with docket no. NPS-II-02A-INQ-20G-00247
A86: July 21, 2020 | B86: So. Paguluran, Sta. Clara, Sta. Ana, Cagayan | C86: Philippine Navy of Sta. Ana Personnel | D86: 51 pcs Red lumber | E86: 1.57 | G86: N/A | H86: Philippine Navy Station, Sta. Ana Station | I86: Under admin confisation proceedings
A87: July 22, 2020 | B87: Purok 2, Brgy. Sta. Clara, Gonzaga, Cagayan | C87: CENRO Aparri and Marine Batallion Landing team10 | D87: 68 pcs Red Lauan Lumber | E87: 3.37 | G87: N/A | H87: CENRO Aparri compound | I87: Under admin confisation proceedings
A88: July 24, 2020 | B88: So. Balena, San Mariano, Lallo, Cagayan | C88: PNP Lallo Personnel | D88: 17 sack charcoal lesser used species | F88: 2210 | G88: N/A | I88: Crim. Case was filed thru inquest proceeding on july 25, 2020 w/ crim case no. II-15420
A89: July 25, 2020 | B89: Magapit, Lallo, Cagayan | C89: PNP Lallo Personnel | D89: 11 pcs Narra Lumber/Flitches | E89: 0.23 | F89: 104778.5 | G89: Fuso Canter truck RKG 132 | H89: CENRO Compound | I89: Crim Case No. II-15421 w/ docketed no. NPS II-INQ-206-00253 was filed thru inquest proceedings on july 27, 2020. Admin proceeding was conducted on August 19, 2020. Confiscated in favor of the government dated December 7, 2021. Motion for Reconsideration was denied per Order dated May 4, 2022
A90: July 28, 2020 | B90: General Batalla, Camalaniugan, Cagayan | C90: PNP Camalaniugan Personnel | D90: 8 pcs Gmelina Lumbers | E90: 0.2 | F90: 25033.01 | G90: 1 unit Chainsaw | H90: PNP Camalaniugan Compoud | I90: Under admin confisation proceedings
A91: July 28, 2020 | B91: Patuningan, Sta. Ana, Cagayan | C91: Philippine coast guard personnel | D91: 11 pcs Kamagong and red lauan Lumber | E91: 0.61 | F91: 12819 | G91: N/A | H91: Naval base Compound | I91: Under admin confisation proceedings
A92: July 29, 2020 | B92: So. Limbus, Rapuli, Sta. Ana, Cagayan | C92: 20 1st Maritime of PNP Sta. Ana Personnel | D92: 12 pcs Red Lauan Lumber | E92: 0.396 | F92: 55880 | G92: 1 unit motorize Bangka MB cedrick | H92: 20 1st Maritime of PNP Sta. Ana compound | I92: Under admin confisation proceedings
A93: August 1, 2020 | B93: Alucao, Sta. Teresita, Cagayan | C93: PNP Sta. Teresita Personnel | D93: 50 pcs White Lauan Lumber | E93: 0.394 | G93: 1 unit rusi 125 kulongkulong | H93: PNP Sta. Teresita station Compound | I93: Under admin confisation proceedings
A94: August 1, 2020 | B94: Alucao, Sta. Teresita, Cagayan | C94: PNP Sta. Teresita Personnel | D94: 8 pcs White Lauan Lumber | E94: 0.39 | F94: 30740 | G94: kawasaki barako w/ kulong kulong UT 8516 | H94: PNP Sta. Teresita station Compound | I94: Under admin confisation proceedings
A95: August 2, 2020 | B95: dalupang, San Vicente, Sta. Ana, Cagayan | C95: Philippine coast guard personnel | D95: 49 pcs CHW Lumber | E95: 0.47 | F95: 6930 | G95: N/A | H95: Coast Guard compound | I95: Under admin confisation proceedings
A96: August 5, 2020 | B96: Sitio Tapuakan, Brgy. Dagupan, Lallo, Cagayan | C96: CENRO Aparri and Marine Batallion Landing team10 | D96: 219 assorted sized Red and White Lauan lumber/flitches | E96: 15.52 | G96: N/A | H96: CENRO Aparri compound | I96: Under admin confisation proceedings
A97: August 8, 2020 | B97: Alucao, Sta. Teresita, Cagayan | C97: PNP Sta. Teresita Personnel | D97: 63 pcs Red Lauan Lumber | E97: 0.68 | G97: N/A | H97: PNP Sta. Teresita station Compound | I97: Under admin confisation proceedings
A98: August 8, 2020 | B98: Langaoan Point, Palaui Island, San Vicente, Sta. Ana, Cagayan | C98: Philippine coast guard personnel | D98: 34 pcs Red Lauan and Palosapis | E98: 1.16 | F98: 17214 | G98: N/A | H98: Philippine coast guard compound | I98: Under admin confisation proceedings
A99: August 9, 2020 | B99: So. Bote, Brgy. Naddungan, Gattaran, Cagayan | C99: CENRO Aparri and PNP Gattaran Personnel | D99: 117 pcs red lauan lumber and flitches | E99: 4.99 | F99: 84680 | G99: N/A | H99: CENRO Aparri compound | I99: Under admin confisation proceedings
A100: August 19, 2020 | B100: Brgy. Aridawen, Sta. Teresita, Cagayan | C100: CENRO Aparri and PNP Gattaran Personnel | D100: 28 pcs Red and White Lauan Lumber and Flitches | E100: 0.84 | F100: 12582.5 | G100: N/A | H100: CENRO Aparri compound | I100: under Administrative Proceedings Efren Taloza
A101: August 19, 2020 | B101: Brgy. Aridawen, Sta. Teresita, Cagayan | C101: CENRO Aparri and Marine Batallion Landing team10 | D101: 30 pcs Red and White Lauan Lumber and Flitches | E101: 4.41 | F101: 67258.45 | G101: 1 chainsaw and 1 circular saw | H101: CENRO Aparri compound | I101: Under admin confisation proceedings
A102: August 24, 2020 | B102: Brgy. Aridawen, Sta. Teresita, Cagayan | C102: CENRO Aparri and PNP Gattaran Personnel | D102: 4 pcs Red and White Lauan Lumber and Flitches | E102: 0.24 | F102: 3503.5 | G102: 1 unit chainsaw | H102: CENRO Aparri compound | I102: under Administrative Proceedings Dominador A. Basques
...

Sheet 2021
B1: CONSOLIDATED APPREHENDED, SEIZED AND CONFISCATED FOREST PRODUCTS, CONVEYANCES AND TOOLS/EQUIPMENT
B2: PROVINCE OF CAGAYAN
B3: CALENDAR YEAR 2021
A5: No. | B5: Date OF Apprehension | C5: Place of Apprehension | D5: Apprehending Officers | E5: Forest Products | H5: Conveyance/ Equipment | I5: Place Impouded | J5: Other remarks (condition, status of criminal complaint if any, etc.)
E6: Quantity and form | F6: Volume (cu.m.) | G6: Value (PhP)
A7: CENRO APARRI
A8: 2020 apprehension report not included on the submitted Annual Report CY 2020 | K8: 2020
A9: 1 | B9: November 28, 2020 | C9: Sitio Nangalisan, Sta. Clara,Gonzaga, Cag. | D9: CENRO Personnel and Philippine Marines | E9: 74 pcs. Red Lauan lumber | F9: 2.61 | G9: 18360 | I9: CENRO Compound | J9: For admin confiscation proceedings
A10: 2 | B10: December 4, 2020 | C10: So. Bigok, Alucao, Sta. Teresita, Cag. | D10: PNP Sta. Teresita | E10: 15 pcs. Red Lauan lumber | F10: 0.94 | G10: 15944 | I10: PNP Sta. Teresita | J10: The identified offender is Calixto Lam-ong Cusat, Jr.
A11: 3 | B11: December 4, 2020 | C11: Sta. Clara, Gonzaga | D11: PNP Gonzaga | E11: 34 pcs. Red Lauan and Binuang lumber | F11: 0.81 | G11: 27075 | H11: one (1) unit chainsaw | I11: PNP Gonzaga | J11: The identified offender is George Saliganan and Marvin Omotoy
A12: 4 | B12: December 5, 2020 | C12: Binubungan, Allacapan, Cag. | D12: MENRO Allacapan | E12: 12 pcs. Antipoloand Malapapaya round post and flitches | F12: 2.64 | G12: 39270 | I12: MENRO Allacapan | J12: Abandoned
A13: 5 | B13: December 7, 2020 | C13: Maluyo, Allacapan, Cag. | D13: PNP Allacapan and MENRO Allacapan | E13: 106 pcs. Labting lumber | F13: 1.34 | G13: 19950 | I13: PNP Allacapan | J13: A case was filed against Michael Collado at PPO Aparri docketed under NPS No.. II-02B-INV-020L-00384
A14: 6 | B14: December 9, 2020 | C14: So. Kimmallogong, Magrafil, Gonzaga, Cag. | D14: PNP Gonzaga | E14: 4 pcs. Red Lauan flitches | F14: 1.02 | G14: 15155 | I14: PNP Gonzaga | J14: A case was filed against Edwin Carpio at PPO Aparri docketed under NPS No.. II-02a-INQ-20L-00426
A15: 7 | B15: December 9, 2020 | C15: So. Kimmallogong, Magrafil, Gonzaga, Cag. | D15: PNP Gonzaga | E15: 78 pcs. Red Lauan | F15: 0.73 | G15: 10920 | I15: PNP Gonzaga | J15: A case was filed against Joel Pataray at PPO Aparri docketed under NPS No.. II-02a-INQ-20L-00425
A16: 8 | B16: December 14, 2020 | C16: Villa Cielo, Buguey, Cag. | D16: PNP Buguey | E16: 136 pcs. Red Lauan, Narra and Guijo lumber | F16: 2.48 | G16: 61430 | H16: three (3) units chainsaw | I16: PNP Buguey | J16: A case was filed against Danilo Bautista, Sr. Danilo Bautista, Jr. Romer Gorospe docketed under NPS No. II-02a-INQ-20L-00431 and violation of RA 9147 docketed under NPS No.. 02a-INQ-20L-00432
A17: 9 | B17: December 15, 2020 | C17: Sta. Clara, Gonzaga | D17: PNP Gonzaga | E17: 34 pcs. Red Lauan and White Lauan lumber | F17: 1.4 | G17: 20825 | I17: PNP Gonzaga | J17: Abandoned
A18: 10 | B18: December 17, 2020 | C18: Luga, Sta. Teresita, Cag. | D18: CENRO personnel | E18: 54 pcs. Red Lauan lumber | F18: 0.91 | G18: 15400 | I18: CENRO Compound | J18: Abandoned
B19: Sub-Total | F19: =SUM(F9:F18) -> 14.88 | G19: =SUM(G9:G18) -> 244329
A20: 2021
A21: 11 | B21: January 4, 2021 (5:30 pm) | C21: So. Turkia, Brgy. Cabiraoan, Gonzaga, Cagayan | D21: PNP Gonzaga | E21: 6 Red Lauan lumber | F21: 0.16 | G21: 22520 | H21: 1 chainsaw | I21: PNP Station of Gonzaga | J21: A case was filed against Michael Mang-el docketed under Criminal Case No.. II-15617 and II-15618 FOR VIOLATION OF ra 9175 at PPO Aparri Cagayan
A22: 12 | B22: January 4, 2021 | C22: Purok 7, Sta. Clara, Cag. | D22: CENRO personnel and Philippine Marines | E22: 16 pcs. Red Lauan lumber | F22: 1.42 | G22: 24160 | I22: Philippine Marines at San Vicente, Sta. Ana, Cag. | J22: Abandoned. Result of ACP already forwarded to RO
A23: 13 | B23: January 10, 2021 | C23: Sta. Maria, Gonzaga, Cag. | D23: PNP Gonzaga | E23: 10 pcs. Red and White Lauan flitches | F23: 1.19 | G23: 17759.35 | I23: PNP Gonzaga | J23: The identified offener is German Acierto
A24: 14 | B24: January 14, 2021 | C24: Baracaoit, Gattaran, Cag. | D24: PNP Gonzaga | E24: 15 pcs. Gmelina and Narra lumber | F24: 0.25 | G24: 4213 | I24: PNP Gattaran | J24: The offender is Charito Dacanay. A case was filed under Criminal Case No. II-15650 for violation of PD 705 at PPO Aparri Cagayan
A25: 15 | B25: January 20, 2021 | C25: Sta. Clara, Gonzaga, Cag. | D25: PNP Gonzaga | E25: 4 pcs. Red Lauan lumber | F25: 1.28 | G25: 19075 | I25: PNP Gattaran | J25: The offenderr is Thelma Raquino
A26: 16 | B26: January 21, 2021 | C26: So. Lapigue, Isca, Gonzaga, Cag. | D26: PNP Gonzaga | E26: 32 pcs. Red Lauan lumber | F26: 0.67 | G26: 10080 | I26: PNP Gonzaga | J26: The offender is Eddie Lagaso
A27: 17 | B27: January 21, 2021 | C27: So. Lapigue, Isca, Gonzaga, Cag. | D27: PNP Gonzaga | E27: 6 pcs. White and Red Lauan lumber/flitches | F27: 0.38 | G27: 5775 | I27: PNP Gonzaga | J27: The offender is Jojo Pagaran
A28: 18 | B28: Janauary 27, 2021 (5:30 PM) | C28: Alucao, Sta. Teresita, Cagayan | D28: PNP Sta. Teresita | H28: 1 unit assembled chainsaw | I28: PNP Station, Sta. Teresita | J28: The identified offender is Rodelio Silos
A29: 19 | B29: January 28, 2021 (10:30 PM) | C29: So. Laoc, Pateng, Gonzaga, Cag. | D29: PNP Gonzaga | E29: 7 pcs. CHW lumber | F29: 0.2 | G29: 4025 | I29: PNP Station of Gonzaga | J29: The identified owner is Jerry Pintucan and Oscar Laoeng
A30: 20 | B30: Janaury 28, 2021 | C30: San Lorenzo, Lal-lo, Cag. | D30: PNP Lal-lo | E30: 20 pcs. Antipolo lumbers | F30: 1.09 | G30: 18652.4 | H30: Isuzu Elf w/ Plate No. RHS-912 | I30: CENRO Compound | J30: The respondent are Harold Comador & Ariel Miranda. CONFISCATED in favor of the government dated Decemer 7, 2021
A31: 21 | B31: Janaury 30, 2021 (11:20 am) | C31: So. Racat, Rapuli, Sta. Ana, Cag. | D31: PNP Sta. Ana | E31: 31 pcs. White Lauan lumber | F31: =496/424 -> 1.1698113 | G31: 17360 | I31: PNP Sta. Ana | J31: The identified offender is Roger Torida
A32: 22 | B32: January 30, 2021 | C32: So. Buncag, Luga, Sta. Teresita, Cag. | D32: PNP Sta. Teresita, cag. | E32: 3 pcs. White Zlauan flitches | F32: 0.69 | G32: 11700 | I32: PNP Station Sta. Teresita | J32: The respondent is Juan Bannagao
A33: 23 | B33: June 30, 2021 | C33: So. Buncag, Luga, Sta. Ter5esita, Cag. | D33: PNP Sta. Teresita | E33: 3 pcs. White Lauan flitches | F33: 0.8 | G33: 13500 | I33: PNP Station Sta. Teresita | J33: The respondent is Jomar Rivera
A34: 24 | B34: February 1, 2021 (5:00 pm) | C34: San Jose, Gonzaga, Cag. | D34: PNP Gonzaga | E34: 7 pcs. Red and White Lauan flitches | F34: 1.125 | G34: 16695 | I34: PNP Gonzaga | J34: Abandoned. Result of ACP already forwarded to RO
A35: 25 | B35: February 2, 2021 | C35: Kapanikian, Sta. Ana, Cag. | D35: PNP Sta. Ana | E35: 11 pcs. Narra lumbers & 1 pc. Red Lauan lumber | F35: 0.37 | G35: 61181.55 | I35: PNP Station, Sta. Ana | J35: The respondent are Jerry Javier, Manalito Rayaoan, Ronald Viernes & Domingo Pascual
A36: 26 | B36: February 5, 2021 | C36: Sta. Isabel, Buguey, cagayan | D36: PENRO, CENRO Aparri, PNREO LGU Cagayan & Phil Army based at Burubur, Magapit, Lal-l, Cag. | E36: 21 pcs. Red Lauan flitches | F36: 3.56 | G36: 52815 | I36: PNREO Sub-Station, San Mariano, Lal-lo, Cag. | J36: Abandoned. Result of ACP already forwarded to RO
A37: 27 | B37: February 6, 2021 | C37: San Lorenzo, Buguey, Cag. | D37: PNP Buguey | E37: 8 pcs. Narra lumber | F37: 0.21 | G37: 25465 | H37: Euro 150 with kulong-kulong w/ plate No. 5589 | I37: PNP Station Buguey | J37: The respondent is George Barcena
A38: 28 | B38: February 8, 2021 | C38: Dungeg, Sta. Ana, cag. | D38: PNP Sta. Ana | E38: 65 pcs. Red Lauan lumber | F38: 2.48 | G38: 36749 | I38: PNP Station Sta. Ana | J38: The respondent are Relly Corpuz & Rolly Corpuz
A39: 29 | B39: February 11, 2021 | C39: Visitacion, Sta. Ana, Cag. | D39: PNP Sta. Ana | E39: 9 pcs. White Lauan lumber | F39: 0.46 | G39: 6825 | H39: Honda TMX 125 w/ kulong-kulong | I39: PNP Station, Sta. Ana | J39: The respondent is Henry Oliva
A40: 30 | B40: February 11, 2021 | C40: Visitacion, Sta. Ana, Cag. | D40: PNP Sta. Ana | E40: 9 pcs. White Lauan lumber | F40: 0.47 | G40: 6940.15 | I40: PNP Station, Sta. Ana | J40: The respondent is John Does
A41: 31 | B41: February 12, 2021 at 10:01 am | C41: Barangay Patunungan, Sta. Ana, Cagayan | D41: CENRO Personnel | E41: 102 pcs. Red Lauan lumber | F41: 4.54 | G41: 76959.2 | I41: Philippine Marines compound at San Vicente, Sta. Ana, Cag. | J41: Abandoned. Result of ACP already forwarded to RO
A42: 32 | B42: February 17, 2021 | C42: Sta. Clara, Sta. Ana, Cagayan | D42: CENRO Aparri & Phil. Maritime Group based at Diora Zinungan, Sta. Ana, Cag. | E42: 38 pcs. Red Lauan lumber | F42: 1.83 | G42: 31064 | I42: Phil. Marines NBCO Compound, San Vicente, Sta. Ana, Cag. | J42: Abandoned. Result of ACP already forwarded to RO
A43: 33 | B43: February 20, 2021 | C43: So. Kalimpusa, Patunungan, Sta. Ana, Cag. | D43: CENRO Personnel and PNP Maritime Group based at Diora Zinungan, Sta. Ana, Cag. | E43: 87 pcs. Red Lauan lumber | F43: 3.91 | G43: 66392 | I43: Philippine Marines compound at San Vicente, Sta. Ana, Cag. | J43: Abandoned. Result of ACP already forwarded to RO
A44: 34 | B44: February 20, 2021 | C44: So. Caniguin, Dungeg, Sta. Ana, Cag. | D44: PIU, PNP Sta. Ana and personnel of 4th MFP, PMFC, Casambalangan Patrol Base | E44: 124 pcs. Narra, 12 pcs. Kamagong and 6 pcs. Red Lauan flitches/lumbers | F44: 10.62 | G44: 289554.6 | H44: 1 unit Rhinomee chainsaw | I44: MBLT-10 Compound, Naval Base Camilo Osias, San Vicente, Sta. Ana, Cagayan | J44: The respondents are Warlito Abiva, Johnny Damaso, Michael Gamay. A criminal case was filed docketed under Cirm Case No. II-15955 for violation of PD 705 and Crim. Case No. II-15954 for violation of RA 9175 at RTC
A45: 35 | B45: February 24, 2021 | C45: Patunungan, Sta. Ana, Cag. | D45: CENRO Personnel, element sof MBLT-10, San Vicente, Sta. Ana, Cag. | E45: 20 pcs. Red Lauan lumbers | F45: 0.96 | G45: 16320 | I45: PN-Marines (MBLT-10) NBCO Compound, San Vicente, Sta. Ana, Cag. | J45: Abandoned. Result of ACP already forwarded to RO
A46: 36 | B46: February 26, 2021 | C46: Batangan, Gonzaga, cag. | D46: PNP elements of Gonzaga | E46: 1 pc. White Lauan Roun log | F46: 1.87 | G46: 23820 | I46: PNP Station, Gonzaga | J46: The arespondents are Rene Flores, Ernesto Agno, Edimar Siababa, Florendo Flores, Florante Flores, Alexander Mata, Jeslestone Paino and Florimar Flores
A47: 37 | B47: February 26, 2021 | C47: San Lorenzo, Lal-lo, Cag. | D47: PNP elements of Lal-lo, Cagayan | E47: 29 pcs. Gmelina lumbers | F47: 0.35 | G47: 22450 | I47: CENRO Compound | J47: A criminal case was filed against Francisco Cuaresma, Virgilio Cuaresma, Loreto Rosendo, Vicente Dassun & Gary Ursulum docketed under Crim. Case No. II-15707 at RTC on February 27, 2021. Result of ACP already forwarded to RO
A48: 38 | B48: March 1, 2021 | C48: So. Limbus, Rapuli, Sta. Ana, Cag. | D48: PNP elements of Sta. Ana | E48: 57 pcs. Red Lauan lumbers | F48: 0.97 | G48: 14350 | I48: PNP Station Sta. Ana | J48: The respondent is Lito Peralta
A49: 39 | B49: March 1, 2021 | C49: Fabrica, Lal-lo, Cag. | D49: PNP elements of Lal-lo | E49: 23 pcs. Gmelina lumber | F49: 0.67 | G49: 14314.5 | I49: 203rd RMFB Compound based in Magapit, Lal-lo, Cag. | J49: The respondent is Lito Peralta
A50: 40 | B50: March 7, 2021 | C50: Toran, Aparri, cagayan | D50: PNP elements of Aparri | E50: 18 sacks charcoal | G50: 55400 | H50: 1 unit Rusi with kulong-kulong & 1 unit Euro with kulong-kulong | I50: PNP Station Aparri | J50: Renante Frayalde, Oliver Gomer, Severino Venture, Alvin Alvarez. A criminal case was filed against the respondent for violation of PD 705 at RTC on March 9, 2021 docketed under Crim. Case No. II-15735
A51: 41 | B51: March 10, 2021 | C51: So. Katiwayan, Rapuli, Sta. Ana, Cag. | D51: PNP Maritime Group based at Diora Zinungan, Sta. Ana, Cag. | E51: 64 pcs. Red & White Lauan lumber | F51: 2.08 | G51: 55823.1 | H51: 1 unit chainsaw | I51: PNP Maritime Group Station, Diora, Zinungan, Sta. Ana, Cag. | J51: The respodents are Ronnie Perol & Rolando Julian
A52: 42 | B52: March 10, 2021 | C52: Capissayan Sur, Gattaran, Cagayan | D52: PNP elements of Gattaran | E52: 5 pcs. Guijo flitches & 1 pc. Dita flitch | F52: 1.19 | G52: 22492.65 | I52: PNP Station of Gattaran | J52: The respondets are Elimar Balino and Efraim Calimag & Josie Pajas
A53: 43 | B53: March 11, 2021 | C53: Amunitan, Gonzaga, Cag. | D53: PNP elements of Gonzaga | E53: 58 pcs. Red Lauan lumber | F53: 0.92 | G53: 63646.85 | H53: 1 unit Euro 150 with kulong-kulong & 1 unit TMX with kulong-kulong | I53: PNP Station Gonzaga | J53: The respondents are Jonel Peralta, Jaime Franco, Bernie Manuel, Gerarld Puyaoan, Webster Rosal & Limuel Antiola
A54: 44 | B54: March 12, 2021 | C54: Dalaya, Lal-lo, Cag. | D54: PNP elments of Lal-lo | E54: 4 pcs. Gmelina lumbers and 9 pcs. Lubeg lumber | F54: 0.21 | G54: 3179.05 | I54: PNP Station of Lal-lo, Cagayan under the custody of PCMS Gilbert Columna | J54: The respondents are Arnold Frogoso & Rey Frogoso
A55: 45 | C55: So. Katiwayan, Rapuli, Sta. Ana, Cag. | D55: PNP element sof Maritime Group 201st at MARPSTA, Sta. Ana, Cag. | E55: 5 pcs. Red Lauan lumber | F55: 0.97 | G55: 2481.2 | H55: 1 unit chainsaw | I55: PNP Maritime Group, Sta. Ana, Cag. | J55: A case was filed against Erwin Tabut for violation of PD 705 docketed under Crim. Case No. II-15746 and RA 9175 docketed under Crim Case No. II15747 at RTC Aparri, Cagayan
A56: 46 | B56: March 24, 2021 | C56: Jurisdiction, Lal-lo, Cag. | D56: PNP elements of Lal-lo | E56: 5 pcs. Gmelina lumber | F56: 0.97 | G56: 2481.2 | H56: 1 unit chainsaw | I56: PNP Station Lal-lo | J56: Under admin confiscation proceeding. The respondent is Mario Tabuzo
A57: 47 | B57: March 24, 2021 | C57: General Batalla, Camalaniugan, Cag. | D57: PNP elements of Camalaniugan | E57: 4 pcs. Narra lumber, 2 pcs. Antipolo lumber & 5 pcs. Mahogany lumber | F57: 0.26 | G57: 4960 | I57: CENRO Compound | J57: The respondent is Jun A. Geronimo. A court decision was promulgated by Judge Conrado Tabaco at RTC Branch 9, Aparri, Cag. on July 8, 2021 that the forest products was confiscated in favor of the government. Result of ACP already forwarded to RO
A58: 48 | B58: March 25, 2021 | C58: Naddungan, Gattaran, Cagayan | D58: PNP elements Gattaran | E58: 17 pcs. Balete lumber | F58: 0.3 | G58: 4398.1 | I58: PNP Station Gattaran | J58: The identified owner is Elmer Pascual. A case was filed against the respondent at PPO Aparri, Cag. on March 31, 2021 docketed under NPS No. II-02a-INV-21C-00114
A59: 49 | B59: March 26, 2021 | C59: Cabiraoan, Gonzaga, Cag. | D59: PNP elements of Gonzaga | E59: 35 pcs. Himbabao | F59: 0.21 | G59: 2672.4 | H59: 1 unit chainsaw | I59: PNP Station of Gonzaga | J59: A case was filed against Jessie Rodriguez & Joefrey Bermodez at RTC Branch 9, Aparri, Cag. on March 27, 2021 docketed under NPS No. II-02a-INQ-21C-00100
A60: 50 | B60: March 29, 2021 | C60: Marede, Sta. Ana, Cag. | D60: PNP elements of Sta. Ana, Cag. | E60: 20 pcs. Red Lauan lumbers | F60: 0.53 | G60: 22910 | H60: 1 unit motorcycle w/ kulong-kulong | I60: PNP Station Sta. Ana under the custody of Pat Sammy Arama | J60: The respondent is Celimar Viernes
A61: 51 | B61: March 29, 2021 | C61: Malanao, Lal-lo, Cag. | D61: PNP elements of Lal-lo | E61: 8 pcs. Gmelina lumbers | F61: 0.11 | G61: 2182.05 | I61: CENRO Compound | J61: With Order of Finality received on August 3, 2026 with docket number R2-ED-2022-0004 promulgated on January 4, 2022
A62: 52 | B62: April 6, 2021 | C62: Cabanbanan Sur, Gonzaga, Cag. | D62: PNP elements of Gonzaga | E62: 52 pcs. White Lauan lumber | F62: 0.49 | G62: 127280 | H62: 1 unit L300 Mitsubishi w/ Plate No. NSO 349 | I62: PNP Station Gonzaga | J62: On April 23, 2021, resolution issued by PPO prepared by Atty. Francis Reyes, Investigation Prosecutor and was approved by Atty. Ronel Nicolas, Provincial Prosecutor stating that the complaint filed against Gerald Sioquin, Edmund Barreto & Regina Vallejo was dismissed for lack of probable cause. The ACP forwarded to RO
A63: 53 | B63: April 14, 2021 | C63: Dagupan, Lal-lo, Cagayan | D63: PNP Lal-lo, Cagayan | E63: 9 pcs. Red Lauan lumber | F63: 0.44 | G63: 39230 | H63: 1 unit Hand Tractor w/ Trailer (kuliglig) | I63: PNP Station of Lal-lo | J63: The identified owner is Lary B. Bacaycay and Jayson Bacaycay
A64: 54 | B64: April 15, 2021 | C64: So. Bagsang, Sta. Clara, Gonzaga, Cag. | D64: PNP elements of Gonzaga | E64: 20 pcs. Red Lauan lumbers | F64: 0.19 | G64: 2800 | I64: PNP Station Gonzaga | J64: Under admin confiscation proceeding
A65: 55 | B65: April 15, 2021 | C65: Smart, Gonzaga, Cag. | D65: PNP elements of Gonzaga | E65: 3 pcs. Gmelina manufactured forest products | F65: 0.66 | G65: 27000 | H65: 1 unit Isuzu Sojen White w/ Plate No. MAD 985 | I65: PNP Station Gonzaga | J65: A case was filed against Gilbert Arcibal, Loreto Tablos, Dennis Irorita & Roberto Tablos at PPO Aparri, Cag. on Apilr 16, 2021 docketed under NPS No. II-02a-INQ-21D-00128
A66: 56 | B66: April 20, 2021 | C66: Parada, Batu, Sta. Ana, Cag. | D66: PNP elements of Sta. Ana | E66: 30 pcs. Red Lauan lumber | F66: 0.33 | G66: 34900 | H66: 1 unit Motorcycle Rusi 175) with kulong-kulong | I66: PNP Station, Sta. Ana | J66: The identified offender is Rodel Samortin
A67: 57 | B67: April 21, 2021 | C67: Utan, Allacapan, Cagayan | D67: PNP elements of Allacapan, Cagayan | E67: 9 pcs. Miscellanous species flitches | F67: 0.66 | G67: 11172 | I67: PNP Station Allacapan | J67: The identified offender is Wilfredo Salem
A68: 58 | B68: April 23, 2021 | C68: Magrafil, Gonzaga, Cagayan | D68: PNP elements of Gonzaga | E68: 2 pcs. Red Lauan flitches | F68: 0.31 | G68: 4725 | I68: PNP Station Gonzaga | J68: The identified offender is Joel Ibea
A69: 59 | B69: April 24, 2021 | C69: Purok 2, Casitan, Gonzaga, Cag. | D69: PNP elements Gonzaga | E69: 1 pc. White Lauan flitches | F69: 0.1 | G69: 1540 | H69: 1 unit assembled chainsaw | I69: PNP Station Gonzaga | J69: The identified offender is Gerardo Bernaldis
A70: 60 | B70: April 29, 2021 | C70: Visitacion, Sta. Ana, cag. | D70: PNP elements of Sta. Ana | E70: 34 pcs. Rede Lauan lumber & 2 pcs. Kamagong lumber | F70: 1.61 | G70: 24681.3 | I70: PNP Station, Sta. Ana | J70: The identified offender is Dennis Agcaoili
A71: 61 | B71: May 1, 2021 | C71: Boundary of Macabanguc, Aparri, Cag. | D71: PNP elements of Aparri | E71: 19 pcs. Miscelaneous flitches/lumber | F71: 1.09 | G71: 31130.45 | H71: 1 unit TECOMEC chainsaw | I71: PCP Bangag, Aparri | J71: The identified offender are Ronald Fuggay & Dominador Tacata
A72: 62 | B72: May 2, 2021 | C72: Sitio Dumasag, Casambalangan, Sta. Ana, Cag. | D72: PNP elements Sta. Ana | E72: 1 pc. Tangisang Bayawak & 2 pcs. White Lauan lumber | F72: 0.43 | G72: 6370 | I72: PNP Station Sta. Ana | J72: The identified offender are Antonio Raquino, Arnel Ramos, Jhony Fred Pascual & Raymond Ramos
A73: 63 | B73: May 3, 2021 | C73: San Lorenzo, Buguey, Cag. | D73: PNP elements of Buguey, Cagayan | E73: 92 pcs. White Luan lumber/ flitches | F73: 7.33 | G73: 123814.23 | H73: 1 unit STIHL Chainsaw | I73: PNP Station Buguey, Cagayan | J73: A case was filed against Rogelio Radam at RTC Branch 9, Aparri, Cag. docketed under Crim. Case No. II-15799 for violation of RA 9175 and Crim. Case No. II-15800 for violation of PD 705
A74: 64 | B74: May 5, 2021 | C74: Cabayu, Gattaran, Cag. | D74: PNP elements of Gattaran | E74: 28 pcs. Gmelina lumber & flitches | F74: 0.64 | G74: 9777.4 | I74: PNP Station Gattaran | J74: The identified offender is Charmel Agcaoili
A75: 65 | B75: May 6, 2021 | C75: Baracaoit, Gattaran, Cag. | D75: PNP elements of Gattaran | E75: 8 pieces White Lauan flitches | F75: 1.32 | G75: 19635 | I75: PNP Station Gattaran | J75: The identified offender is Michael Vicente
A76: 66 | B76: May 8, 2021 | C76: San Vicente, Sta. Ana, Cag. | D76: PNP elements of Sta. Ana | E76: 19 pcs. Tangisang Bayawak lumber | F76: 0.18 | G76: 17660 | I76: PNP Station Sta. Ana | J76: The identified owner is Benedicto Natabio
A77: 67 | B77: May 11, 2021 | C77: Ipil. Gonzaga, Cag | D77: PNP elements of Gonzaga | E77: 40 pcs. Binuang lumber | F77: 0.31 | G77: 39725 | H77: 1 unit motorcycle (Euro) w/ kulong-kulong w/ Plate No. BAI-653 | I77: PNP Station Gonzaga under the custody of PSSg. Cherles Recolizado | J77: The respondents are Reynold Siwagan & Rey Paz
A78: 68 | B78: May 11, 2021 | C78: Alucao, Sta. Teresita, Cag. | D78: PNP elements of Sta. Teresita | E78: 48 pcs. Red Lauan & White Lauan lumber | F78: 1.33 | G78: 29785.85 | H78: 1 unit assembled chainsaw | I78: PNP Station of Sta. Teresita | J78: A case was filed against Nerwin Sapla & Darwin Sapla at RTC Branch 9, Aparri, Cag. docketed under Criminal Case No. II-15805 for violation of PD 705
B79: May 18, 2021 | C79: Barangay Aguiguican, Gattaran, Cagayan | E79: 30 pcs. Gmelina | F79: 0.361 | J79: With Order of Finality received on Dec. 03, 2024 promulgated on July 13, 2023 with Docket No. R2-ED-2023-0147
A80: 69 | B80: May 20, 2021 | C80: Sta. Isabel, Buguey, cagayan | D80: PNP elements of Buguey, Cagayan | E80: 25 pcs. Miscellaneous lumber | F80: 0.24 | G80: 38500 | H80: 1 unit Motorcycle (Rusi 125) with kulong-kulong w/ Plate No. BG 8763 | I80: PNP Station of Buguey | J80: Under admin confisction proceeding
A81: 70 | B81: May 22, 2021 | C81: So. Arungan, Isca, Gonzaga, Cag. | D81: PNP elements of Gonzaga | E81: 18 pcs. Mahogany lumber | F81: 0.33 | G81: 20625.6 | H81: 1 unit chainsaw | I81: PNP Station Gonzaga | J81: The identified offender are Ruben Doctolero, Ronel Doctonero, Dominador Tungpalan & Rodel Agcaoili
A82: 71 | B82: May 26, 2021 | C82: Centro, Sta. Ana, Cag. | D82: PNP elements of Sta. Ana | E82: 14 pcs. premium species | F82: 0.62 | G82: 141179.2 | H82: 1 unit Mercedez Benz MB 100 Plate No. BDX-247 | I82: PNP Station Sta. Ana | J82: The respondent is Michael Lagundino
A83: 72 | B83: May 27, 2021 | C83: Backiling, Aparri, Cagayan | D83: PNP elements of Aparri | E83: 4 pcs. Round Logs Mahogany & 3 pcs. Round logs Mango | F83: 2.05 | G83: 24681.3 | I83: Backiling Elementary School under the custody of Barangay Captain Ruel Eduva | J83: Result of ACP forwarded to RO
A84: 73 | B84: May 27, 2021 | C84: Aragao, Buyun, Sta. Teresita, Cag. | D84: PNP elements od Sta. Teresita | E84: 3 pcs. Narra flitches | F84: 0.43 | G84: 22903 | H84: 1 unit assembled chainsaw | I84: PNP Station of Sta. Teresita | J84: The respondent is Conrado Bayaw Lutoc
A85: 74 | B85: May 31, 2021 | C85: Dungeg, Sta. Ana, Cag. | D85: PNP elements of Sta. Ana | E85: 9 pcs. White Lauan lumber & 11 pcs. Red Lauan lumber | F85: 0.54 | G85: 43085 | H85: 1 unit Honda Motorcycle w/ kulong-kulong | I85: PNP Station of Sta. Ana under the custody of PSSg. Melvic de Castro | J85: The respondent is Narwin S. Cadang
A86: 75 | B86: May 31, 2021 | C86: Dungeg, Sta. Ana, Cag. | D86: PNP elements of Sta. Ana | E86: 19 pcs. Red Lauan lumber | F86: 0.51 | G86: 42595 | H86: 1 unit HondaMotorcycle w/ kulong-kulong | I86: PNP Station of Sta. Ana under the custody of PSSg. Melvic de Castro | J86: The respondent is Marlon Garduque
A87: 76 | B87: May 31, 2021 | C87: Dungeg, Sta. Ana, Cag. | D87: PNP elements of Sta. Ana | E87: 17 pcs. Red Lauan lumber | F87: 0.52 | G87: 42735 | H87: 1 unit Rusi Motorcycle w/ kulong-kulong | I87: PNP Station of Sta. Ana under the custody of PSSg. Melvic de Castro | J87: The respondent is Jojo Battung
A88: 77 | B88: June 1, 2021 | C88: Bonifacio St. Minanga, Aparri, Cag. | D88: PNP elements of Aparri | E88: 15 sacks charcoal | G88: 26800 | H88: 1 unit Rusi 125 w/ kulong-kulong | I88: CENRO Compound | J88: CONFISCATED IN FAVOR OF THE GOVERNMENT DATED FEBRUARY 16,2023
A89: 78 | B89: June 1, 2021 | C89: Silagan, Allacapan, Cag. | D89: PNP elements of Allacapan | E89: 6 pcs. Gmelina lumber | F89: 0.16 | G89: 37345 | H89: 1 unit Rusi motorcycle (Rusi 150) w/ kulong-kulong | I89: PNP Station Allacapan | J89: The respondent is Erick Flores
A90: 79 | B90: June 1, 2021 | C90: So. Nanugtungan, Amunitan, Gonzaga, Cag. | D90: PNP elements of Gonzaga | E90: 25 pcs. Red Lauan lumber | F90: 0.45 | G90: 18755 | H90: 1 unit Rhinomec Chainsaw | I90: CENRO Compound | J90: The respodents are Jessie Peralta & Jherial Pascual
A91: 80 | B91: June 3, 2021 | C91: Capiddigan, Gattaran, Cag. | D91: CENRO Personnel | E91: 35 pcs. Malabayabas, 25 pcs. Antipolo & 47 pcs. Tangisang Bayawak lumber/ flitches | F91: 1.99 | G91: 31400 | I91: CENRO Compound | J91: A case was filed against Cliffor Matias at PPO Aparri on June 4, 2021 docketed under NPS No. II-02a-INV-21F-00220
A92: 81 | B92: June 7, 2021 | C92: Sitio Catammugan, Dagupan, Allacapan, Cag. | D92: PNP elements of Allacapan | E92: 2 pcs. Antipolo lumber and 2 pcs. Narra flitches | F92: 0.58 | G92: 11440 | I92: PNP Station of Allacapan/PSSg. Ericson Bermedi | J92: Inquest filing against Danny Abuyuan & Robert Abuyuan at the office of the PPO Ballesteros, Cag.
A93: 82 | B93: June 8, 2021 | C93: Felipe Tuzon, Camalaniugan, Cag. | D93: PNP elements of Camalaniugan | E93: 13 pcs. Antipolo lumbers | F93: 0.25 | G93: 4716 | I93: CENRO Compound | J93: The respondent is Baltazar Galiza & Relie de Leon. Result of ACP forwarded to RO
A94: 83 | B94: June 15, 2021 | C94: Rapuli, Sta, Ana, Cag. | D94: PNP elements of Sta. Ana | E94: 11 pcs. Red Lauan lumber | F94: 0.32 | G94: 34725 | H94: 1 unit Hand Tractor | I94: PNP Station of Sta. Ana | J94: The respodents are Mark Jasper Gorospe & Raymart Quizzagan
A95: 84 | B95: June 16, 2021 | C95: Kapanikian, Sta. Ana, Cag. | D95: PNP elements of Sta. Ana | E95: 32 Red Lauan lumber | F95: 1.34 | G95: 19880 | I95: PNP Station of Sta. Ana | J95: Abandoned. Under ACP
A96: 85 | B96: June 17, 2021 | C96: So. Laya, Ipil, Gonzaga, Cag. | D96: PNP elements of Gonzaga | E96: 22 pcs. Mangachapui lumber | F96: 0.05 | G96: 1250 | I96: PNP Station Gonzaga | J96: The respondents are Nestor Jose & Nestor Palpalatoc
A97: 86 | B97: June 19, 2021 | C97: Kapanikian, Sta. Ana, Cag. | D97: PNP elements of Sta. Ana | E97: 32 pcs. Red Lauan lumber | F97: 1.34 | G97: 19880 | I97: Eastern Cagayan Maritime Police Station, Diora, Zinungan, Sta. Ana, cag. | J97: Result of ACP forwarded to RO
A98: 87 | B98: June 23, 2021 | C98: Tapel, Gonzaga, Cag. | D98: PNP elements of Gonzaga | E98: 12 pcs. Gmelina & Red Lauan lumber | F98: 0.17 | G98: 11537.5 | H98: 2 units chainsaw | I98: PNP Station Gonzaga | J98: The respondent is Ruben Altajeros
A99: 88 | B99: June 23, 2021 | C99: Dungeg, Sta. Ana, cag. | D99: PNP elements of Sta. Ana | E99: 14 pieces Narra & Tangisang Bayawak lumber | F99: 0.32 | G99: 19569.1 | H99: 2 units chainsaw | I99: PNP Station Sta. Ana/PCPL Buguina | J99: The respondent is Mario Marano
A100: 89 | B100: July 1, 2021 | C100: Rapuli, Sta. Ana | D100: PNP elements of Sta. Ana | E100: 20 pcs. Red Lauan lumbers | F100: 0.33 | G100: 19900 | H100: 1 unit Motorcycle (Euro 150) with kulong-kulong w/ Plate No. BG-8763 | I100: PNP Station of Sta. Ana/ PPSg Melvic Cris de Castro | J100: The respondent is Kian Viloria
A101: 90 | B101: July 1, 2021 | C101: Rapuli, Sta. Ana | D101: PNP elements of Sta. Ana | E101: 17 pcs. Red Lauan lumber | F101: 0.39 | G101: 20312 | H101: 1 unit Motorcycle | I101: PNP Station of Sta. Ana/ PPSg Melvic Cris de Castro | J101: The respondent is Pepito Viloria
...

Sheet 2022
A1: CONSOLIDATED ANNUAL APPREHENDED, SEIZED AND CONFISCATED FOREST PRODUCTS, CONVEYANCES AND TOOLS/EQUIPMENT
A2: PROVINCE OF CAGAYAN
A3: CALENDAR YEAR 2022
A5: No. | B5: Date OF Apprehension | C5: Place of Apprehension | D5: Apprehending Officers | E5: Forest Products | I5: Conveyance/ Equipment | J5: Value | K5: Place Impouded | L5: Other remarks (condition, status of criminal complaint if any, etc.) | M5: Cases filed
E6: Quantity and form | F6: Volume (cu.m.) | H6: Value (PhP)
A7: CENRO APARRI
A8: 2021 apprehension report not included on the submitted Annual Report CY 2021
B9: June 12, 2021 | C9: Piña Este, Gattaran, Cagayan | D9: PNP elements of Gattaran | E9: 77 White Lauan lumber | F9: 4.84 | H9: 92385 | I9: Fuso Forward Truck w/ Plate No. RGD-412 | J9: 700000 | K9: PNP Gattaran | L9: The ACP conducted on September 7, 2021,. Forwarded to RO June 9, 2022
B10: SUB-TOTAL | F10: =SUM(F9) -> 4.84 | H10: =SUM(H9) -> 92385 | J10: =SUM(J9) -> 700000
A11: 2022
A12: 1 | B12: January 3, 2022 | C12: So. Katiwayan, Rapuli, Sta. Ana, Cag. | D12: PNP Maritime, MARPSTA, Sta. Ana, Cagayan and Gonzaga MPP, Gonzaga, Cagayan | E12: 8 pcs. Round logs of Miscellaeous spp | F12: 0.53 | H12: 6716.16 | K12: PNP Maritime Station, Sta. Ana, Cagayan under the custody of Pat. Kevin Falla | L12: ACP forwarded to RO per Memo dated June 30, 2022. Subject for donation for the construction of public buildings damaged by typhoon Odette.Date Received February 17, 2025, date promulgated October 17, 2024 with docket no. R2-ED-2024-0041
A13: 2 | B13: January 6, 2022 | C13: Sitio Intik, Kapanikian, Sta. Ana, Cagayan | D13: PNP Maritime, MARPSTA, Sta. Ana, Cagayan | E13: 9 PCS. Red Lauan lumber | F13: 0.41 | H13: 7779.15 | I13: 1 unit motorcycle (black Honda 155) with kulong-kulong | K13: CENRO Compound | L13: ACP forwarded to RO per Memo dated June 30, 2022. The respondent is Robert Grajo | M13: 1
A14: 3 | B14: January 20, 2022 | C14: Capagaran, Allacapan, Cagayan | D14: PNP Allacapan | E14: 2 pcs. Narra lumber | F14: =84/424 -> 0.19811321 | H14: 5040 | K14: PNP Allacapan | L14: ACP was conducted on April 12, 2022 and forwarded to RO per Memo dated June 9, 2022. The respondent is Moises Estibar | M14: 2
A15: 4 | B15: January 20, 2022 | C15: Capissayan Sur, Gattaran, Cagayan | D15: PNP Gattaran | E15: 27 pcs. Gmelina lumber | F15: 0.27 | H15: 4094.65 | K15: PNP Gattaran | L15: The respondent is Artemio Baltazar. The ACP was conducted on May 10, 2022, result thereof was forwarded to RO per Memo dated July 11, 2022. A case was filed PPO Aparri, Cagayan docketed under NPS No. II-02a-INV-22A-00604. With Order of Finality received on Dec. 03, 2024 promulgated on June 05, 2023 with Docket No. R2-ED-2023-0084. | M15: 3 | N15: 1
A16: 5 | B16: January 23, 2022 | C16: So. Malabbeg, Naguillian, Lal-lo, Cag. | D16: PNP Lal-lo | E16: 12 pcs. Dita lumber | F16: 0.11 | H16: 1680 | I16: 1 unit chainsaw | K16: PNP Lal-lo/ PMSg Loreto Verzon, Jr. | L16: The respondent is Ramon Sacoco conducted Admi. Proceeding April 19-2022 | M16: 4
A17: 6 | B17: January 25, 2022 | C17: SO. Nangalisan, Sta. Clara, Gonzaga, Cagayan | D17: PNP Gonzaga | E17: 15 pcs. White Lauan lumber | F17: 0.48 | H17: 8240 | K17: PNP Gonzaga | L17: ACP was conducted on May 30, 2022 and forwarded to RO per Memo dated July 5, 2022. The respondents are John Lester Saliganan & Manny Del T. Yatar. With Order of Finality received on Dec. 03, 2024 promulgated on June 05, 2023 with Docket No. R2-ED-2023-0086. | M17: 5
A18: 7 | B18: February 3, 2022 | C18: Baracaoit, Gattaran, Cag. | D18: PNP Gattaran | E18: 4 pcs Binunga/ Samak flitches | F18: 0.67 | H18: 8525.4 | K18: PNP Gattaran | L18: ACP forwarded to RO per memo dated June 30, 2022. The respondent is Loreto Valdez. With Order of Finality received on Dec. 03, 2024 promulgated on July 31, 2023 with Docket No. R2-ED-2023-0168 | M18: 6
A19: 8 | B19: February 3, 2022 | C19: Baracaoit, Gattaran, Cag. | D19: PNP Gattaran | E19: 4 Samak lumber | F19: 0.31 | H19: 3990 | K19: PNP Gattaran | L19: The respondent is Edimar Contillo. Result of ACP forwarded to RO dated June 30, 2022
A20: 9 | B20: February 21, 2022 | C20: Sta. Maria, Gonzaga, Cag. | D20: PNP Gonzaga | E20: 15 pcs. Red Lauan lumber | F20: 0.49 | H20: 8400 | I20: 1 unit motorcycle (Euro 150) with kulong-kulong) | K20: PNP Gonzaga | L20: ACP forwarded to RO per Memo dated June 30, 2022 | M20: 7
A21: 10 | B21: February 28, 2022 | C21: Paranum, Lal-lo, Cag. | D21: PNP Lal-lo | E21: 1 pc. Narra round log | F21: 0.15 | H21: 6500 | I21: 1 unit chainsaw | K21: CENRO Compound | L21: The respondents are Ian Jay Pelotin, Romeo Pelotin, Dominador Invierno, Sr. and Dominador Invierno, Jr. | M21: 8
A22: 11 | B22: March 10, 2022 | C22: So. Batangan, Piña Este, Gattaran, Cag. | D22: PNP Gattaran | E22: 4 pcs. CHW flitches | F22: =267.1/424 -> 0.62995283 | H22: 10684 | K22: PNP Gattaran | L22: ACP conducted on March 31 & April 20, 2022 and forwarded to RO thru Memo dated July 5, 2022. With Order of Finality received on Dec. 03, 2024 promulgated on May 29,2023 with R2-ED-2023-0077
A23: 12 | B23: May 17, 2022 | C23: So. Malasin, Casambalangan, Sta. Ana, Cag. | D23: PNP Sta. Ana | E23: 10 pcs Red Lauan lumber | F23: 0.15 | H23: 2925 | K23: CENRO Compound | L23: The respondent is Wilfredo Fragata. The ACP was conducted on June 13, 2022, result thereof was forwarded to RO per Memo dated July 11, 2022
A24: 13 | B24: July 14, 2022 | C24: Sta. Clara, Sta. Ana, Cagayan | D24: PNP elements of Sta. Ana | E24: 6 Red Lauan lumber | F24: 0.27 | H24: 5175 | K24: PNP Sta. Ana police Station under the custody of Pat. Mark Darwin Torino | L24: ACP scheduled on July 28, 2022
A25: 14 | B25: July 22, 2022 | C25: So. Bubo, Sta. Clara, Sta. Ana, Cag. | D25: PNP elements of Sta. Ana | E25: 12 pcs. Red Lauan lumber | F25: 0.25 | H25: 4770 | K25: PNP Sta. Ana under the custody of PMSgt. Rommel Legaspi | L25: ACP scheduled on August 3, 2022 | M25: R2-ED-2023-0197 received on March 26, 2024 Promulgated on Feb 13, 2024
A26: 15 | B26: July 30, 2022 | C26: Cunig, Gattaran, Cagayan | D26: PNP elements of Gattaran | E26: 16 pcs. Banglas, 10 pcs. Narra and 3 pcs. Gmelina lumbers | F26: 0.37 | H26: 8317.65 | K26: CENRO Aparri | L26: The respodent is Mario Tasipit
A27: 16 | B27: August 3, 2022 | C27: Magrafil, Gonzaga, Cagayan | D27: PNP Gonzaga | E27: 15 pcs. Red Lauan lumber | F27: 0.28 | H27: 5400 | K27: PNP Gonzaga/ PSSg. Esmer Pattaguan | L27: The respondent is Lolimo Agbayani | M27: 9
A28: 17 | B28: August 4, 2022 | C28: Villa, Sta. Teresita, Cagayan | D28: PNP Sta. Teresita | E28: 10 pcs. Red Lauan lumber | F28: 0.22 | H28: 4365 | I28: 1 unit Euro 150 with kulong-kulong | K28: CENRO Aparri | L28: The respondent is Medy Sabal | M28: 10
A29: 18 | B29: August 9, 2022 | C29: Cabanbanan, Gonzaga, Cag. | D29: PNP Gonzaga | E29: 22 pcs. Red lauan lumber | F29: 0.62 | H29: 11880 | I29: 1 unit Isuzu Elf with Plate No. RFH 279 | K29: PNP Gonzaga | L29: The respondent is Danilo Viernes | M29: 11
A30: 19 | B30: August 9, 2022 | C30: Centro 13, Aparri, Cag. | D30: PNP Aparri | E30: 30 sacks charcoal | H30: 7500 | I30: 1 unit motorized kuliglig | K30: PNP Aparri | L30: The respondent is Ricky Taba | M30: 12
A31: 20 | B31: August 10, 2022 | C31: San Vicente, Gattaran, Cag. | D31: PNP Gattaran | E31: 7 pcs. Gmelina & 1 pc. Tangisang Bayawak Rond Log | F31: 0.69 | H31: 8776.8 | K31: PNP Gattaran | L31: The respondent is Joaquin Melad | M31: 13
A32: 21 | B32: August 17, 2022 | C32: Tapel, Gonzaga, Cagayan | D32: PNP Gonzaga | E32: 210 pcs. White Lauan lumber | F32: 4.82 | H32: 91949.85 | I32: 1 unit Isuzu Elf | K32: PNP Gonzaga | L32: The respondents are Garth C. Mines, Erwin Andaya, Oscar Mines and Glen Andaya | M32: 14
A33: 22 | B33: August 17, 2022 | C33: Pateng, Gonzaga, Cagayan | D33: PNP Gonzaga | E33: 14 pcs. Gmelina lumber | F33: 0.24 | H33: 3561.6 | I33: 1 unit TMX 155 with kulong-kulong | K33: PNP Gonzaga | L33: The respondent is Martin Seriaco | M33: 15
A34: 23 | B34: August 19, 2022 | C34: Aridowen, Sta. Teresita, Cagayan | D34: PNP Sta. Teresita | E34: 15 pcs. Red Lauan and White Lauan lumber | F34: 0.8 | H34: 15329.7 | I34: one (1) unit Rusi 150 Red w/ kulong-kulong | K34: PNP Sta. Teresita | L34: The respondent are Joey Calderon & Ericson Cayaban. ACP conducted on September 6, 2022 | M34: 16
A35: 24 | B35: August 22, 2022 | C35: Ipil, Gonzaga, Cag. | D35: PNP Gonzaga | E35: 9 pcs. Bagbag lumber | F35: 0.31 | H35: 3960 | I35: one (1) unit Honda TMX 125 black w/ kulong-kulong | K35: CENRO Compound | L35: The respondent is Jethro Bandonil. ACP conducted on September 8, 2022 | M35: 17
A36: 25 | B36: August 22, 2022 | C36: Ipil, Gonzaga, Cag. | D36: PNP Gonzaga | E36: 7 pcs Bagbag lumber | F36: 0.31 | H36: 3960 | I36: one (1) unit Euro 150 Black w/ kulong-kulong | K36: CENRO Compound | L36: The respondents are Marlon Pantaleon & Ronel Ortiguez. ACP conducted on September 8, 2022 | M36: 18
A37: 26 | B37: August 26, 2022 | C37: Sta. Clara, Sta. Ana, Cagayan | D37: PNP Gonzaga | E37: 4 pcs. Red Lauan lumber | F37: 0.57 | H37: 10890 | K37: PNP Gonzaga | L37: for administrative Confiscation proceeding
A38: 27 | B38: September 1, 2022 | C38: Sta. Clara, Sta. Ana, Cagayan | D38: PNP Sta. Ana | E38: 25 pcs. Red Lauan lumber | F38: 0.7 | H38: 13356 | I38: one (1) unit MB Van Green w/ Plate No. WBG-430 | K38: PNP Gonzaga
A39: 28 | B39: October 1, 2022 | C39: Tambuli, Allacapan, Cag. | D39: PNP Allacapan | E39: 11 pcs. Narra lumber | F39: 0.26 | H39: 6666 | I39: 1 unit Motoposh Pinoy 155 w/ kulong-kulong | K39: PNP Allacapan | L39: Conducted ACP for submision to RO
A40: 29 | B40: October 8, 2022 | C40: Tangatan, Sta. Ana, Cag. | D40: PNP Sta. Ana | E40: 12 pcs. Kamagong and Narra lumbers | F40: 0.33 | H40: 12537 | I40: 1 unit MB Van w/ Plate No. BDX-247 | K40: PNP Allacapan | L40: Conducted ACP for submision to RO
A41: 30 | B41: October 15, 2022 | C41: Utan, Allacapan, Cag. | D41: PNP Allacapan | E41: 40 pcs. Red Lauan lumbers | F41: 1.48 | H41: 28350 | K41: PNP Allacapan | L41: Conducted ACP for submision to RO
A42: 31 | B42: October 16, 2022 | C42: So. San Francisco, Brgy. Ipil, Gonzaga, Cagayan | D42: PNP Gonzaga | E42: 6 pcs. Red Lauan flitches | F42: =356/424 -> 0.83962264 | H42: 16020 | L42: Result of ACP forwarded to RO per Memo of PENRO dated November 25, 2022 | M42: With Order of Confiscation received on May 22, 2024 promulgated on March 11, 2024 with Docket No. R2-Ed-2024-00103 | N42: With Order of Finality received on October 15, 2024 promulgated on March 11, 2024 with Docket No. R2-ED-2024-00103
A43: 32 | B43: October 16, 2022 | C43: Magrafil, Gonzaga, Cagayan | D43: PNP Gonzaga | E43: 4 pcs. Round logs of White Lauan | F43: =288.32/424 -> 0.68 | H43: 11532.8 | L43: Result of ACP forwarded to RO per Memo of PENRO dated November 25, 2022
A44: 33 | B44: October 17, 2022 | C44: So. Tuktukaraw, Amunitan, Gonzaga, Cag. | D44: PNP Gonzaga | E44: 6 pcs. White Lauan round logs | F44: =797.12/424 -> 1.88 | H44: 31884.8 | L44: Result of ACP forwarded to RO per Memo of PENRO dated November 25, 2022 | M44: With Order of Finality received on October 15, 2024 promulgated on March 06, 2024 with Docket No. R2-ED-2024-0029
A45: 34 | B45: November 16, 2022 | C45: So, San Francisco, Ipil, Gonzaga, Cagayan | D45: PNP Gonzaga | E45: 7 pcs. Tanguile lumber | F45: 0.29 | H45: 5670 | L45: For ACP. The respondent is Fredie Paz
A46: 35 | B46: November 22, 2022 | C46: Pateng, Gonzaga, Cagayan | D46: PNP Gonzaga | E46: 11 pcs. White Lauan lumber | F46: 0.48 | H46: 9239.85 | I46: 1 unit TMX 155 with kulong-kulong | L46: For ACP. Wilsen Tolen & Oliver Viernes | M46: 19
A47: =COUNTA(B12:B46) -> 35 | B47: SUB-TOTAL | F47: =SUM(F12:F46) -> 21.087689 | H47: =SUM(H12:H46) -> 395666.41 | M47: 19
B48: CENRO ALCALA
A49: 1 | B49: January 17, 2022 | C49: Nangalasawan, Amulung, Cagayan | D49: PNP Amulung | E49: 6 pcs. Gmelina lumber | F49: 0.181 | H49: 3092 | K49: PNP Amulung | L49: The alleged owner is Abelardo Sabban y Pader. A case was filed docketed under Case No. 02-INQ-22A-00207. ACP forwarded to RO | M49: 1
A50: 2 | B50: January 26, 2022 (10:00 PM) | C50: Taytay, Baggao, cag. | D50: CENRO Personnel | E50: 490 PCS. Red Lauan lumber | F50: =2099/424 -> 4.9504717 | H50: 125940 | K50: CENRO Solana | L50: Under ACP. The alleged owner is Michael Domingo | M50: 2 | N50: With order of finality received on March 24, 2025 with docket number R2-ED-2023-00195 date promulgated february 15, 2025
A51: 3 | B51: February 3, 2022 | C51: So. Hotspring, Asinga-via, Baggao, Cagayan | D51: CENRO Personnel | E51: 5 pcs. White Lauan lumbers | F51: =100/424 -> 0.23584906 | H51: 5000 | K51: Barangay Hall of Asinga-via, Baggao, Cag. | L51: Result of ACP is forwarded to RO per Memo of the PENRO dated October 18, 2022 | N51: With Order of Finality received on March 25, 2026 promulgated on May 27, 2025 with Docket No. R2-ED-2024-411
A52: 4 | B52: February 12, 2022 | C52: So. Estancia, Tamban, Alcala, Cag. | D52: PNP Alcala & CENRO Personnel | E52: 14 pcs. Gmelina lumber | F52: =604/424 -> 1.4245283 | H52: 21140 | K52: Under the temporary custody of Barangay Kagawad Margarita Capili | L52: The respondent is Jone Real. Result of ACP forwarded to RO per Memo dated June 6, 2022. With judgement found guilty beyond reasonable doubt of the crime charged. With Order of Finality received on Dec. 03, 2024 promulgated on Feb. 21, 2023 with Docket No. R2-ED-2023-0024 | M52: 3
A53: 5 | B53: February 18, 2022 | C53: Km 15, So. Daligadig, Sta. Margarita, Baggao, Cag. | D53: CENRO Alcala | E53: 44 pcs. Mayapis lumber | F53: 1.66 | H53: 35250 | K53: CENRO Alcala | L53: CONFISCATED IN FAVOR OF THE GOVERNMENT DATED DECEMBER 13,2022
A54: 6 | B54: March 17, 2022 | C54: Dabbac Grande, Baggao, Cag. | D54: PNP Baggao and CENRO personnel | E54: 10 pcs. Red Lauan lumber | F54: =180/424 -> 0.4245283 | H54: 10800 | K54: CENRO Alcala | L54: The respodents are Dionisio Matalang & Eduardo Soriano. Result of ACP forwarded to RO dated June 6, 2022. With Order of Finality received on Dec. 03, 2024 promulgated on Feb. 17, 2023 with Docket No. R2-ED-2023-0011 | M54: 4
A55: 7 | B55: March 17, 2022 | C55: Zone 4, Dabbac Grande, Baggao, Cag. | D55: PNP Baggao | E55: 14 pcs. White Lauan lumber | F55: =172/424 -> 0.40566038 | H55: 10320 | K55: CENRO Alcala | L55: The respondents are Eduardo Soriano, Dionisio Matalang and Jeffrey Pattaui. Result of ACP forwarded to RO per memo dated October 17, 2022 | M55: 5
A56: 8 | B56: March 28, 2022 | C56: Zone 4, Dabbac Grande, Baggao, Cag. | D56: PNP Alcala | E56: 51 pieces Gmelina lumbers | F56: =359/424 -> 0.84669811 | H56: 18640 | I56: 1 unit Green Utility vehicle w/ Plate No. XAL-795 | K56: CENRO Alcala | L56: The driver is Bernardo Jove and the owner is Elizabeth Lagoc. ACP was conducted on April 4, 2022 and forwarded to RO per Memo dated May 19, 2022 | M56: 6
A57: 9 | B57: June 22, 2022 | C57: Sta. Margarita, Baggao, Cag. | E57: 288 pcs. Red Lauan lumber | F57: 5.9 | K57: PNREO | L57: A case was filed against the respondent, Joie Delos Santos docketed under NPS No. II-02-INV-22-F-00215. ACP conducted Aug. 15, 2022 | M57: With Order of Finality received on Oct. 15, 2024 promulgated on April 16, 2024 with Docket No. R2-ED-2024-0109
A58: 10 | B58: July 6, 2022 | C58: So. Daligadig, Sta. Margarita, Cagayan | D58: CENRO personnel | E58: 78 pcs. Red Lauan and Mangachapui lumber | F58: =1237/424 -> 2.9174528 | H58: 61850 | K58: PENRO Compound | L58: Result of ACP forwarded to RO dated November 16, 2022 | M58: With Order of Confiscation received on July 24, 2024 promulgated on July 08, 2024 with Docket No. R2-Ed-2024-00146
A59: 11 | B59: July 16, 2022 | C59: So. Daligadig, Sta. Margarita, Cagayan | E59: 19 pcs Gmelina lumber | F59: 0.26 | H59: 3420 | L59: A case was filed against the respondent, Reynaldo Diaz docketed under NPS No. II-02-INQ-226-00114
A60: 12 | B60: July 28, 2022 | C60: Zone 2, Hacienda Intal, Baggao, Cagayan | D60: PNP Baggao | E60: 13 pcs. Red Lauan lumbers | F60: =260/424 -> 0.61320755 | H60: 9100 | I60: 1 unit kulong-kulong | K60: PNP Baggao | L60: The respondents are Jovenal Domingo, Kenjie Viray and Jaypee Danga. Result of ACP forwarded to RO per Memo dated October 17, 2022 | M60: 7
